#Sección,b,c,Periodo,Fecha,NIF Beneficiario,Beneficiario,Tipo de Adjudicación,Descripción,Importe,Origen,l
Alcaldía,,,1T,2017-01-12,,EYSA ESTACIONAMIENTOS Y SERVICIOS S.A.,,ESTACIONAMIENTO CONCEJALÍA DE JUVENTUD,1,,Alcaldía
Alcaldía,,,1T,2017-01-12,,EMT,,APARCAMIENTO MINISTERIO DE EDUCACIÓN,4.9,,Atención al vecino
Alcaldía,,,1T,2017-01-12,,CRISTALERÍA TORRELODONES S.A.,,TORNILLOS PARA SILLAS,0.8,,Comunicación
Alcaldía,,,1T,2017-01-12,,AUTOSERVICIO GAMA,,"AGUA PARA PLENOS, COMISIONES Y REUNIONES VARIAS",15.12,,Biblioteca
Alcaldía,,,1T,2017-01-12,,CARLIN TORRELODONES,,BANDEJAS PAPELERÍA,8.11,,Escuela Municipal de Música y Danza
Alcaldía,,,1T,2017-01-12,,AUTOSERVICIO GAMA,,"AGUA PARA PLENOS, COMISIONES Y REUNIONES VARIAS",15.12,,Cultura
Alcaldía,,,1T,2017-01-12,,VINCI PARK ESPAÑA S.A.,,APARCAMIENTO INSPECCIÓN DE TRABAJO,6.3,,Deporte
Alcaldía,,,1T,2017-01-12,,BAZAR ORIENTAL,,ADQUISICIÓN CINTA EMBALAR,1.8,,Desarrollo local
Alcaldía,,,1T,2017-01-12,,BAZAR ORIENTAL,,CUELGA CUADROS,0.7,,Escuela Municipal de Idiomas
Alcaldía,,,1T,2017-01-12,,EMT,,APARCAMIENTO DIRECCIÓN GENERAL DE URBANISMO,1.75,,Escuela Infantil
Alcaldía,,,1T,2017-01-12,,AUTOSERVICIO GAMA,,"AGUA PARA PLENOS, COMISIONES Y REUNIONES VARIAS",15.12,,Fomento del empleo
Alcaldía,,,1T,2017-01-12,,INTERPARKING HISPANIA,,APARCAMIENTO DIRECCIÓN GENERAL DE TURISMO,12.1,,Educación
Alcaldía,,,1T,2017-01-12,,BAZAR ORIENTAL,,PILAS PARA DYMO,3.6,,Fiestas
Alcaldía,,,1T,2017-01-12,,BAZAR ORIENTAL,,CINTA ADHESIVA,0.95,,Informática
Alcaldía,,,1T,2017-01-12,,CUESTA SAN BLAS S.L.,,DESPLAZAMIENTO ORGANIZACIÓN CONGRESO,48.78,,Hacienda - Intervención
Alcaldía,,,1T,2017-01-12,,CEPSA ESTACIÓN DE SERVICIO S.A.,,DESPLAZAMIENTO ORGANIZACIÓN CONGRESO,20,,Juventud
Alcaldía,,,1T,2017-01-12,,ALSEPARK S.L.,,APARCAMIENTO RED DE TEATROS,7,,Medio Ambiente
Alcaldía,,,1T,2017-01-12,,ULLED MERINNO EVA PAPELERÍA,,TARJETAS DE VISITA CONCEJAL,20,,Protección Civil
Alcaldía,,,1T,2017-01-12,,THE HANDICRAFTS STORE S.L.,,FOTOCOPIAS PLASTIFICADAS,4.01,,Salud
Alcaldía,,,1T,2017-01-12,,ALCAMPO,,ADQUISICIÓN CALEFACTORES,89.7,,Seguridad
Alcaldía,,,1T,2017-03-03,,RUBIO HOYAS POLICARPO,,"TAXI TRASLADO PARTICIPANTES DOCUMENTAL ""LA NIÑA BONITA""",46,,Servicios Sociales
Alcaldía,,,1T,2017-03-03,,APARCAMIENTOS Y OBRAS S.A.,,PARKING ASOSTENCIA COMISIÓN EN LA FEMP,4.2,,Urbanismo
Alcaldía,,,1T,2017-03-03,,ALEGRE BELLÓN JUAN CARLOS,,TAXI AL DEFENSOR DEL PUEBLO,7,,Administración General
Alcaldía,,,1T,2017-03-03,,EMT,,APARCAMIENTO ASISTENCIA CURSO DE LA FEMP,10.2,,Escuela de adultos
Alcaldía,,,1T,2017-03-03,,"SOLANA VILLAR, JOSÉ ANTONIO",,"TAXI TRASLADO PARTICIPANTES DOCUMENTAL ""LA NIÑA BONITA""",45.25,,Hacienda - Tesorería
Alcaldía,,,1T,2017-03-03,,AUTOSERVICIO GAMA,,"AGUA PARA PLENOS, COMISIONES Y REUNIONES VARIAS",10.08,,
Alcaldía,,,1T,2017-03-03,,CRISTALERÍA TORRELODONES S.A.,,COPIA LLAVE DE SEGURIDAD,8.82,,
Alcaldía,,,1T,2017-03-03,,EMT,,BUS A CONFERENCIA HIDROGRÁFICA DEL TAJO,4.45,,
Alcaldía,,,1T,2017-03-03,,AUTOSERVICIO GAMA,,"AGUA PARA PLENOS, COMISIONES Y REUNIONES VARIAS",10.08,,
Alcaldía,,,1T,2017-03-03,,PETRESER 98 S.L.,,PARKING AUTORIDAD FISCAL INDEPENDIENTE,7,,
Alcaldía,,,1T,2017-03-03,,LARREA S.A.,,BUS DEFENSOR DEL PUEBLO,3.6,,
Alcaldía,,,1T,2017-03-03,,ALSEPARK S.L.,,PARKIMG CONGRESO DE LOS DIPUTADOS,8.95,,
Alcaldía,,,1T,2017-03-03,,ZARA,,"ADQUISICIÓN OBSEQUIOS (ROPA) PARTICIPANTESDOCUMENTAL ""LA NIÑA BONITA""",90.8,,
Alcaldía,,,1T,2017-03-03,,PETRESER 98 S.L.,,APARCAMIENTO AUTORIDAD FISCAL INDEPENDIENTE,6.8,,
Alcaldía,,,1T,2017-02-09,,RED DE CIUDADES POR LA BILICLETA,,CUOTA ANUAL RED CIUDADES POR LA BICILETA,600,,
Alcaldía,,,1T,2017-02-09,,FEDERACION ESPAÑOLA DE MUNICIPIOS Y PROVINCIAS - FEMP,,CUOTA ASOCIADO FEMP 2017,1301.49,,
Alcaldía,,,1T,2017-03-14,,CRISTALERIAS TORRELODONES SA,,PEGAR CRISTAL PUERTA ARMARIO ALCALDIA,28.87,,
Alcaldía,,,1T,2017-03-21,,MIEMBROS CORPORACION AYUNTAMIENTO,,ASISTENCIAS DE CONCEJALES A COMISIONES Y PLENOS,500,,
Alcaldía,,,1T,2017-02-23,,MIEMBROS CORPORACION AYUNTAMIENTO,,ASISTENCIAS DE CONCEJALES A COMISIONES Y PLENOS,1000,,
Alcaldía,,,1T,2017-01-25,,MIEMBROS CORPORACION AYUNTAMIENTO,,ASISTENCIAS DE CONCEJALES A COMISIONES Y PLENOS,800,,
Alcaldía,,,1T,2017-02-08,,GRUPO MUNICIPAL DEL PARTIDO POPULAR DE TORRELODONES,,ASIGNACION  GRUPOS MUNICIPALES 2017,4200,,
Alcaldía,,,1T,2017-02-08,,GRUPO MUNICIPAL SOCIALISTA TORRELODONES (PSOE),,ASIGNACION GRUPOS MUNICIPALES 2017,3600,,
Alcaldía,,,1T,2017-03-06,,GRUPO MUNICIPAL CIUDADANOS PARTIDO DE LA CIUDADANIA (TORRELODONES),,ASIGNACION GRUPOS MUNICIPALES 2017,3600,,
Alcaldía,,,1T,2017-03-22,,GRUPO MUNICIPAL CONFLUENCIA CIUDADANA EN TORRELODONES,,ASIGNACION GRUPOS MUNICIPALES 2017,3600,,
Atención al vecino,,,1T,2017-01-25,,"Publicidad Comercial 2004, S.L.",,Fotocopias y distribución carta vecinos información Urb. Los Robles,646.14,,
Atención al vecino,,,1T,2017-02-22,,"Publicidad Comercial 2004, S.L.",,Fotocopias y distribución carta vecinos información Parque Calle Nueva,381.15,,
Atención al vecino,,,1T,2017-03-23,,"Publicidad Comercial 2004, S.L.",,Fotocopias y distribución carta vecinos información Urb. Los Prados(AHS),195.78,,
Atención al vecino,,,1T,2017-03-23,,"Publicube, S.L.",,Mantenimiento soporte remoto Plataforma Servicio Atención Vecinal,8621.25,,
Biblioteca,,,,2017-01-12,,LUCIA SAINZ BENITEZ DE LUGO,,"Sesión Taller Aprendiendo a Pensar, 14 de enero",100,,
Biblioteca,,,,2017-01-12,,PILAR SAINZ BENITEZ DE LUGO,,"Sesión Taller Descubriendo un museo , 21 de enero",100,,
Biblioteca,,,,2017-01-13,,CRISTINA HIDALGO DE CALCERRADA GODET,,Cuentacuentos  13 enero,200,,
Biblioteca,,,,2017-01-27,,KATHARINE CANNINGS,,Cuentacuentos 27 enero,200,,
Biblioteca,,,,2017-01-20,,MONICA CASTELLA PUJADO,,Cuentacuentos 20 enero,200,,
Biblioteca,,,,2017-01-27,,CARMEN HIDALGO GARCÍA,,Cuentacuentos 27 enero,200,,
Biblioteca,,,,2017-01-27,,ARANZAZU SANCHEZ APELLANIZ,,Club de lectura ,1120,,
Biblioteca,,,,2017-01-27,,DISTRIBUIDORA DIGITAL DE LIBROS SSA,,Servicio cuenta Apple para Biblioetcas Municipalews,149.74,,
Biblioteca,,,,2017-02-24,,TEATROMPICONES,,Cuentacuentos 24  febrero,200,,
Biblioteca,,,,2017-02-17,,COMPAÑÍA TEATRO SIN FIN,,Cuentacuentos 17 febrero,200,,
Biblioteca,,,,2017-02-16,,LUCIA SAINZ BENITEZ DE LUGO,,"Sesión Taller Aprendiendo a Pensar, 18 de febrero",100,,
Biblioteca,,,,2017-03-10,,ALEJANDRA VERONICA VENTURINI,,Cuentacuentos 10 marzo,200,,
Biblioteca,,,,2017-03-24,,ASOCACIACION CHIRIMBAMBA,,Cuentacuentos 24 marzo,200,,
Biblioteca,,,,2017-03-03,,MONICA CASTELLA PUJADO,,Club infantil Descubriendo el mundo,100,,
Biblioteca,,,,2017-03-03,,PILAR SAINZ BENITEZ DE LUGO,,Club infantil Descubriendo un museo,100,,
Biblioteca,,,,2017-03-25,,LUCIA SAINZ BENITEZ DE LUGO,,"Sesión Taller Aprendiendo a Pensar, 25 de marzo",260,,
Biblioteca,,,,2017-03-04,,PILAR SAINZ BENITEZ DE LUGO,,"Club infantil Descubriendo un museo, 4 marzo",100,,
Biblioteca,,,,2017-03-04,,ASOCACIACION CHIRIMBAMBA,,Cuentacuento 24 marzo,200,,
Biblioteca,,,,2017-02-03,,FRANCISCO JAVIER RODRIGUEZ CAMAZON,,Suministro prensa biblioteca José de Vicente Muñoz,1400,,
Biblioteca,,,,2017-02-03,,LA POLCA SL,,Suministro prensa biblioteca José de Vicente Muñoz,1400,,
Biblioteca,,,,2017-02-04,,R29 SL,,Suministro felpudo textil,163.35,,
Biblioteca,,,,2017-02-17,,THE HANDICRAFTS STORE SLNE,,Suministro material específico bibliotecas,200,,
Biblioteca,,,,2014-03-02,,FSM DISTRIBUCION A BIBLIOTECAS,,Suministro materiales audiovisuales,3000,,
Biblioteca,,,,2017-03-02,,DISTRIBUIDORA DIGITAL DE LIBROS SA,,Suministro fondos bibliograficos,3000,,
Biblioteca,,,,2017-03-03,,LIBRERÍA GAZTAMBIDE SL,,Suministro fondos bibliograficos,3000,,
Escuela Municipal de Música y Danza,,,,2017-01-16,,ADECCO TT SA,,Servicio contratación profesorado sustituto,6000,,
Escuela Municipal de Música y Danza,,,,2017-01-31,,PIANO ARTE  SL,,Servicio afinación piano Teatro Bulevar,102.85,,
Escuela Municipal de Música y Danza,,,,2017-02-01,,DOMINGO OLIVER JIMENEZ,,Refuerzo instrumental trompeta concierto Banda Municipal,602.58,,
Escuela Municipal de Música y Danza,,,,2017-02-01,,SERGIO MUÑOZ GOMEZ,,Refuerzo instrumental trompeta concierto Banda Municipal,573,,
Escuela Municipal de Música y Danza,,,,2017-02-01,,PATRICIA VILLAR VAZQUEZ,,Refuerzo instrumental Flauta Travesera Concierto Banda Municipal,566.57,,
Escuela Municipal de Música y Danza,,,,2017-03-07,,JUAN CARLOS MELCHOR CARMONA,,Servicio de Luthier reparacion limpieza y ajustes instrumentos,423.5,,
Escuela Municipal de Música y Danza,,,,2017-03-25,,HICLAMA SL,,Servicio refuerzos instrumentales banda Municipal Procesiones,2299,,
Escuela Municipal de Música y Danza,,,,2017-03-29,,ADECCO TT SA,,Servicio contratación profesorado sustituto,6000,,
Escuela Municipal de Música y Danza,,,,2017-01-16,,EVA MARIA ULLED MERINO,,Publicidad y propaganda Escuela,500,,
Escuela Municipal de Música y Danza,,,,2017-02-08,,TACONES FLAMENCOS SL,,Suministro botas flamencas profesorado Danza española y flamenco,150,,
Escuela Municipal de Música y Danza,,,,2017-03-25,,"TRANSPORTES MARTIN, TRANSPORTES Y MUDANZAS",,Servicio transporte instrumentos musicales. Concierto musica antigua,266.2,,
Escuela Municipal de Música y Danza,,,,2017-03-30,,"TRANSPORTES MARTIN, TRANSPORTES Y MUDANZAS",,Servicio transporte instrumentos musicales. Encuentro bandas musicales.,350.9,,
Desarrollo local,,,,2017-01-25,,CARDIE EVENTOS SL,,"CONTRATACION POR 2 AÑOS """"ORGANIZACION DE EVENTOS"""" FECHA CONTRATO 5-MAYO-2016",2117.5,,
Desarrollo local,,,,2017-02-28,,"CYLSTAT, S.L.",,FACTURA ANUALIDAD PORTAL SOCIOECONÓMICO TORRELODONES EN CIFRAS,600,,
Desarrollo local,,,,2017-03-09,,CARDIE EVENTOS SL,,FACTURA 2017/0004  CONCEPTO CONTRATO ORGANIZACION DE EVENTOS DEL 06/01 AL 05/03/2017,2117.5,,
Fiestas,,,,2017-01-04,,CANDIDO VALVERDE S.L.,,AJUSTE DEL RELOG CAMPANADAS,58.08,,
Fiestas,,,,2017-01-04,,LEROY MERLIN S.A.,,GUIRNALDAS PARA CARROZA DE SINDROME DE WEST,16.99,,
Fiestas,,,,2017-01-04,,SUPERDESCUENTO MAJADAHONDA S.L.,,"MATERIAL ADORNOS CARROZAS CABALGATA DE REYES62,86",62.86,,
Fiestas,,,,2017-01-05,,BAZAR ORIENTAL,,TELA PARA TRONO DE LOS REYES MAGOS,35,,
Fiestas,,,,2017-01-05,,BAZAR ORIENTAL,,SERVILLETAS DE PAPEL CHOCOLATADA,5.9,,
Fiestas,,,,2017-01-05,,BAZAR ORIENTAL,,ORQUILLAS PARA PELUCAS DE LOS REYES MAGOS,1.8,,
Fiestas,,,,2017-01-05,,ALCAMPO,,ROSCONES COLEGIO SAN IGNACIO,297.85,,
Fiestas,,,,2017-01-09,,TINTOLODONES S.L.,,LIMPIEZA TRAJES DE PAJES,59.45,,
Fiestas,,,,2017-01-09,,MORALES MONTALBAN JESUS,,CHOCOLATE INVITACIÓN PROTECCIÓN CIVIL,40,,
Fiestas,,,,2017-01-23,,PROCARNAVAL S.L.,,PELUCAS REYES MAGOS,39.8,,
Fiestas,,,,2017-01-19,,PERIS COSTUMES SL,,ALQUILER VESTUARIO REYES MAGOS,471.9,,
Fiestas,,,,2017-01-19,,HERRERO TORO JOSE LUIS,,DISPOSICION DE 3 VEHICULOS PARA EVENTO EL 5 DE ENERO,1270.5,,
Fiestas,,,,2017-01-23,,ASOCIACION CULTURAL FIN4FUN,,"ACTIVIDAD LUDICO-EDUCATIVA LOS DIAS 28, 29 Y 30 DE DICIEMBRE",1000,,
Fiestas,,,,2017-01-25,,CIGANDA ZOZAYA JOAQUIN,,SONORIZACION REYES MAGOS,423.5,,
Fiestas,,,,2017-02-09,,JOVANO RAMIREZ JAIME,,TREN NEUMATICO PARA LA CABALGATA DE 2017,599,,
Fiestas,,,,2017-02-09,,MUSITORRE,,ACTUACION CABALGATA 5 ENERO LA CHARANGUITA,300,,
Fiestas,,,,2017-02-20,,CASTAÑO ALVAREZ PABLO,,ACTUACION MUSICAL CABALGATA DE REYES,665.5,,
Fiestas,,,,2017-01-19,,INDUSTRIAS MARJO SL,,CARAMELOS CABALGATA REYES,838.46,,
Fiestas,,,,2017-01-25,,SEMILLA PARA EL CAMBIO,,FACTURA 7 SET DE LAPICEROS,607,,
Fiestas,,,,2017-01-25,,CARDIE EVENTOS SL,,ORGANIZACIÓN DE FIESTAS DEL 06/11/2016 AL 05/01/2017,1290.94,,
Fiestas,,,,2017-02-20,,CITELUM IBERICA S.A.,,DESMONTAJE ILUMINACION NAVIDEÑA,3710.92,,
Fiestas,,,,2017-03-09,,CARDIE EVENTOS SL,,CONCEPTO ORGANIZACION FIESTAS DEL 06/01 AL 05/03,1290.59,,
Fiestas,,,,2017-03-21,,COFRADIA DE LA PARROQUIA SAN IGNACIO DE LOYOLA,,SUBVENCION EJERCICIO 2017,2000,,
Fiestas,,,,2017-03-21,,HERMANDAD SANTO CRISTO Y LA DOLOROSA,,SUBVENCION EJERCICIO 2017,2000,,
Hacienda - Tesorería,,,,2017-02-20,,"INDRA SISTEMAS, SA",,FACTURA 1817000227  SERVICIO DE COMUNICACIONES BANCARIAS Y ADMINISTRATIVAS EDLTRAN PERIODO 11/10/16 A 10/01/17,1179.75,,
Hacienda - Tesorería,,,,2017-03-23,,"INFAPLIC, S.A.",,FACTURA SEDE 153 GENERACIÓN FICHERO EXCEL CON LOS RESULTADOS DEL EJERCICIO 2016,472.9,,
Hacienda - Tesorería,,,,2017-01-01,,FINANCE ACTIVE,,FACTURA 134953  DERECHO DE ACCESO INSITO DEL 15/12/16 AL 14/12/17,2400,,
Hacienda - Tesorería,,,,2017-01-01,,AMERIGO ALONSO ENRIQUE,,FACTURA 1287  MINUTA REGISTRADOR DE LA PROPIEDAD DE TORRELODONES,43.63,,
Hacienda - Tesorería,,,,2017-01-01,,AMERIGO ALONSO ENRIQUE,,FACTURA 973  MINUTA REGISTRADOR DE LA PROPIEDAD TORRELODONES,69.09,,
Hacienda - Tesorería,,,,2017-02-09,,AMERIGO ALONSO ENRIQUE,,FACTURA 99 MINUTA REGISTRADOR DE LA PROPIEDAD DE TORRELDODONES,58.18,,
Hacienda - Tesorería,,,,2017-02-09,,AMERIGO ALONSO ENRIQUE,,FACTURA 89  MINUTA REGISTRADOR DE LA PROPIEDAD DE TORRELODONES,83.03,,
Hacienda - Tesorería,,,,2017-02-24,,"BANCO DE CREDITO LOCAL DE ESPAÑA, S.A.",,COMISIONES,9.69,,
Hacienda - Tesorería,,,,2017-02-24,,BANCO SABADELL,,COMISIONES,31,,
Hacienda - Tesorería,,,,2017-02-24,,BANCO SANTANDER S.A.,,COMISIONES,0.45,,
Hacienda - Tesorería,,,,2017-02-24,,BANKIA SA,,COMISIONES,3479.98,,
Hacienda - Tesorería,,,,2017-03-23,,DEINCA INGENIEROS S.A.,,FACTURA 0310/17  ASISTENCIA TÉCNICA APOYO AREA ECONOMICA TRAMITACION EXPEDIENTES,1161,,
Hacienda - Tesorería,,,,2017-03-23,,NEXEA GESTION DOCUMENTAL SA,,"FACTURA SEDE 17000695  IMPRESION, PLEGADO Y SELLADO DE PROVIDENCIAS DE APREMIO MES DE FEBRERO",598.95,,
Hacienda - Tesorería,,,,2017-03-24,,AMERIGO ALONSO ENRIQUE,,FACTURA 2017/119  MINUTA REGISTRADOR DE LA PROPIEDAD DE TORRELODONES,54.57,,
Hacienda - Tesorería,,,,2017-03-24,,AMERIGO ALONSO ENRIQUE,,FACTURA 237  MINUTA REGISTRADOR DE LA PROPIEDAD DE TORRELODONES,312.24,,
Informática,,,,2017-01-01,,BNP PARIBAS LEASE GROUP SA,,ALQUILER FOTOCOPIADORA RICOH PERIODO 05/09/16 A 04/10/16,168.19,,
Informática,,,,2017-01-01,,"SERPROSA COMERCIALIZADORA, S.A.",,ALQUILER FOTOCOPIADORAS MES NOVIEMBRE,1892.95,,
Informática,,,,2017-01-01,,"CANON ESPAÑA, S.A.",,ALQUILER FOTOCOPIADORA CL CUDILLERO PERIODO 01/07/16 A 30/09/16,58.61,,
Informática,,,,2017-01-01,,BNP PARIBAS LEASE GROUP SA,,ALQUILER FOTOCOPIADORA RICOH MPC3002 PERIODO 05/11/16 A 04/12/816,168.19,,
Informática,,,,2017-01-01,,"SERPROSA COMERCIALIZADORA, S.A.",,ALQUILER FOTOCOPIADORAS VARIOS DPTOS MES DICIEMBRE,1892.95,,
Informática,,,,2017-02-09,,BNP PARIBAS LEASE GROUP SA,,ALQUILER FOTOCOPIADORA RICOH MPC3002 PERIODO 05/12/16 A 04/01/17,168.19,,
Informática,,,,2017-02-09,,"SERPROSA COMERCIALIZADORA, S.A.",,ALQUILER FOTOCOPIADORA CL CUDILLERO  - JUZGADO PAZ DE JULIO A DICIEMBRE,544.5,,
Informática,,,,2017-02-27,,"SERPROSA COMERCIALIZADORA, S.A.",,ALQUILER FOTOCOPIADORAS DPTOS ENERO 2017,1717.5,,
Informática,,,,2017-02-27,,BNP PARIBAS LEASE GROUP SA,,ALQUILER FOTOCOPIADORA RICOH PERIODO 05/01/17 A 04/02/17,168.19,,
Informática,,,,2017-01-01,,"RETEVISION I, S.A.",,MANTENIMIENTO TDT PERIODO 01/04/16 A 30/06/16,2054.73,,
Informática,,,,2017-01-01,,"RETEVISION I, S.A.",,MANTENIMIENTO TDT PERIODO 01/01/16 A 31/03/16,2054.73,,
Informática,,,,2017-02-27,,"BUSINESS PROMOTION, S.L.",,MANTENIMIENTO TRIMESTRAL FOTOCOPIADORA ESCUELA IDIOMAS Y CASA CULTURA PERIDO 01/01/17 AL 31/01/17,212.62,,
Informática,,,,2017-01-01,,ADD4U SOLUCIONES PARA GESTION Y DESARROLLO S L,,SISTEMA INFORMATICO PARA GESTION ADMINISTRATIVA ELECTRONICA MES OCTUBRE,3148.52,,
Informática,,,,2017-01-01,,ADD4U SOLUCIONES PARA GESTION Y DESARROLLO S L,,SISTEMA INFORMATICO PARA GESTION ADMINISTRATIVA ELECTRONICA MES NOVIEMBRE,3148.52,,
Informática,,,,2017-01-01,,ADD4U SOLUCIONES PARA GESTION Y DESARROLLO S L,,SISTEMA INFORMATICO PARA LA GESTION ADMINISTRATIVA ELECTRONICA MES DICIEMBRE,3148.52,,
Informática,,,,2017-01-01,,"DISTRIBUIDORA DE SERVICIOS ANTIVIRUS, S.L.",,SOPORTE TECNICO MCAFEE,1380.44,,
Informática,,,,2017-01-01,,"BARATZ SERVICIOS DE TELECOMUNICACION, S.A.",,MANTENIMIENTO Y ASISTENCIA TECNICA GESTION BIBLIOTECARIA ABSYSNET DEL 1/10/16 A 31/12/16,1114.71,,
Informática,,,,2017-01-01,,ASAC COMUNICACIONES,,SERVICIO MANTENIMIENTO BASE DATOS ORACLE,1013.36,,
Informática,,,,2017-01-23,,AYTOS SOLUCIONES INFORMATICAS SLU,,MANTENIMIENTO SICALWIN PERIODO 01/10/16 A 31/12/16,4947.51,,
Informática,,,,2017-01-25,,ALTOBONO SL,,CONTRATO MANTENIMIENTO Y ASISTENCIA APLICACION INFORMATICA GESTION PROTECCION CIVIL POR 2 AÑOS A PARTIR 1-4-2015,756.25,,
Informática,,,,2017-01-25,,ALEPH SOFTWARE S.A.,,RENOVACION SERVICIO GPN6 ATENCION AL CIUDADANO 2.0 PERIODO 1 DE OCTUBRE AL 31 DE DICIEMBRE 2016,667.92,,
Informática,,,,2017-02-09,,ABACO CE INFORMÁTICOS SL,,MANTENIMIENTO ANUAL WCRONOS,453.75,,
Informática,,,,2017-02-09,,INFO TECHNOLOGY SUPPLY LTD,,MANTENIMIENTO Y ASISTENCIA APLICACION INFORMATICA GESTION DE BIBLIOTECAS POR 2 AÑOS A PARTIR 1-ABRIL-2015,783.29,,
Informática,,,,2017-02-09,,INFO TECHNOLOGY SUPPLY LTD,,"RENOVACION ANUAL SOFTWARE MYPC, FARONICS DEEPFREEZE STANDARD Y SISTEMA CONTROL WIFI DEL 1 DE OCTUBRE",783.29,,
Informática,,,,2017-02-09,,FUNDACION EUROPEA PARA LA SOCIEDAD DE LA INFORMACION,,CONVENIO 2013 (SEGUNDO SEMESTRE 2016) CONVENIO FEBRERO 2013 (SEGUNDO SEMESTRE 2016) ( TASA ESPECIAL: AR,1200,,
Informática,,,,2017-02-20,,ADD4U SOLUCIONES PARA GESTION Y DESARROLLO S L,,SISTEMA INFORMATICO GESTION ADMINISTRATIVA ELECTRONICA MES ENERO,3148.52,,
Informática,,,,2017-02-27,,"UBILIBET, S.L.",,RENOVACION REGISTRO DE NOMBRE DE DOMINIO GEOGRAFICO UNION EUROPEA TORRELODONES.EU,31.46,,
Informática,,,,2017-03-16,,ADD4U SOLUCIONES PARA GESTION Y DESARROLLO S L,,GESTION ADMINISTRATIVA EFICIENTE AYTO MES FEBRERO,3148.52,,
Informática,,,,2017-01-01,,"SERPROSA COMERCIALIZADORA, S.A.",,LECTURA FOTOCOPIADORAS,62.99,,
Informática,,,,2017-01-01,,"SERPROSA COMERCIALIZADORA, S.A.",,LECTURA FOTOCOPIADORAS,713.51,,
Informática,,,,2017-01-01,,"BUSINESS PROMOTION, S.L.",,CUOTA MANTENIMIENTO TRIMESTRAL ESCUELA IDIOMAS PERIODO 01/11/16 A 31/01/16,105.9,,
Informática,,,,2017-01-01,,"BUSINESS PROMOTION, S.L.",,GASTOS GESTION CASA CULTURA Y ESCUELA IDIOMAS,149.86,,
Informática,,,,2017-01-01,,"SERPROSA COMERCIALIZADORA, S.A.",,LECTURA FOTOCOPIADORAS,803.11,,
Informática,,,,2017-01-01,,"SERPROSA COMERCIALIZADORA, S.A.",,LECTURA FOTOCOPIADORAS,47.52,,
Informática,,,,2017-01-01,,"BUSINESS PROMOTION, S.L.",,LECTURA FOTOCOPIADORAS ESCUELA IDIOMAS Y CASA CULTURA,109.77,,
Informática,,,,2017-01-01,,PRINTATEC,,COPIAS MAQUINA SERVICIOS TECNICOS Y URBANISMO PERIODO 01/11/16 A 01/12/16,207.13,,
Informática,,,,2017-02-09,,"BUSINESS PROMOTION, S.L.",,LECTURA FOTOCOPIADORAS ESCUELA IDIOMAS Y CASA CULTURA MES DICIEMBRE,214.81,,
Informática,,,,2017-02-09,,"SERPROSA COMERCIALIZADORA, S.A.",,LECTURA FOTOCOPIADORAS VARIOS EDIFICIOS,425.11,,
Informática,,,,2017-02-09,,"SERPROSA COMERCIALIZADORA, S.A.",,LECTURA FOTOCOPIADORAS,69.79,,
Informática,,,,2017-02-09,,"CANON ESPAÑA, S.A.",,LECTURA FOTOCOPIADORA CL CUDILLERO 6 PERIODO 01/10/16 A 31/12/16,78.76,,
Informática,,,,2017-02-09,,PRINTATEC,,COPIAS DE LA MAQUINA DE SERVICIOS TECNICOS PERIODO 01/10/16 A 22/12/16,600.29,,
Informática,,,,2017-02-27,,PRINTATEC,,LECTURA FOTOCOPIADORA SERVICIOS TECNICOS,207.13,,
Informática,,,,2017-02-27,,PRINTATEC,,LECTURA FOTOCOPIADORA URBANISMO PERIODO 22/12/16 A 31/01/17,175.04,,
Informática,,,,2017-02-09,,"ASENGA LOGISTICA, SLU",,MATERIAL INFORMATICO,336.19,,
Informática,,,,2017-01-01,,FREE TECHNOLOGIES EXCOM SL,,"IMPORTE 854,40 MANTENIMIENTO ANUAL PLAZA",854.41,,
Informática,,,,2017-01-01,,FREE TECHNOLOGIES EXCOM SL,,"IMPORTE 580,80 MANTENIMIENTO ANUAL RADIO",580.8,,
Informática,,,,2017-01-01,,FREE TECHNOLOGIES EXCOM SL,,SERVICIO ANUAL INTERNET PLAZA Y PABELLON,1400.48,,
Informática,,,,2017-01-01,,FREE TECHNOLOGIES EXCOM SL,,MANTENIMIENTO ANUAL CAMARAS IP PABELLON,960,,
Informática,,,,2017-01-01,,FREE TECHNOLOGIES EXCOM SL,,MANTENIMIENTO WIFI ANUAL PABELLON,854.41,,
Informática,,,,2017-02-09,,DISTRIBUIDORA DIGITAL DE LIBROS SA,,CUENTAS APPLE Y GOOGLE,330.85,,
Informática,,,,2017-01-01,,"I.C.A. INFORMATICA Y COMUNICACIONES AVANZADAS, SL",,SERVICIO MANTENIMIENTO PAGINA WEB PERIODO 21/10/16 A 21/12/16,9602.23,,
Informática,,,,2017-01-01,,BOTTERO FRABIZIO,,"ULTIMO PAGO PROYECTO ADMINISTRACION Y SOPORTE MACROLAN TELEFONICA, CONSULTORIA",4537.5,,
Informática,,,,2017-02-09,,PUBLICUBE SL,,MANTENIMIENTO LINEA CIUDADANA,5227.2,,
Informática,,,,2017-02-09,,INTERNATIONAL RALEN SYSTEM SL,,MANTENIMIENTO SISTEMA DE GRABACION Y TRANSCRIPCION VOICE RALENTIZER,705.37,,
Informática,,,,2017-01-01,,CONSULTORIA INTEGRAL DE SOFTWARE S L VIANUWE,,MATERIAL INFORMATICO,935.33,,
Informática,,,,2017-03-16,,CONSULTORIA INTEGRAL DE SOFTWARE S L VIANUWE,,SUMINISTRO IMPRESORAS,2591.82,,
Informática,,,,2017-03-16,,CONSULTORIA INTEGRAL DE SOFTWARE S L VIANUWE,,DISCO DURO,302.5,,
Informática,,,,2017-03-16,,ABACO CE INFORMÁTICOS SL,,LECTORES USB HUELLA,381.15,,
Juventud,,,,2017-03-14,,CRISTALERIAS TORRELODONES SA,,FACTURA 390 CRISTAL CLIMALIT PARA TORREFORUM,86.68,,
Juventud,,,,2017-03-09,,"AUTOCARES CASANZ, S.L.",,"FACTURA 366/2017  BUS TORRELODONES-VALDESQUÍ, CLUB DE EXPLORADORES",250,,
Juventud,,,,2017-02-09,,ULLED MERINNO EVA MARIA PAPELERIA SIC,,FACTURA B/1772 MATERIAL JUVENTUD PARA FOLLETOS Y CARTELERÍA,1.8,,
Juventud,,,,2017-02-09,,"REPROGRAFIA ZOCO 16, S.L.",,FACTURA 20868  PUBLICIDAD Y CARTELERIA CONCEJALIA JUVENTUD,181.15,,
Juventud,,,,2017-03-07,,ULLED MERINNO EVA MARIA PAPELERIA SIC,,FACTURA B/1843  PUBLICIDAD Y CARTELERÍA CONCEJALIA JUVENTUD,187,,
Juventud,,,,2017-03-23,,SOCIEDAD GENERAL DE AUTORES Y EDITORES,,"FACTURA 28205888  CINE ""RATATUILE"" Y ""AMOR CIEGO"" EL 17/02/17, +QDNOCHE",14.06,,
Juventud,,,,2017-01-23,,ASOCIACION JUVENIL LOIN DU SOL,,FACTURA 03T CLUB DE PARKOUR MES DICIEMBRE,840,,
Juventud,,,,2017-02-09,,ASOCIACION TERRITORIO SOCIAL. PROCESOS Y TERAPIAS CREATIVAS,,FACTURA 17 CLUB DE DANZA TORRELODONES OTOÑO 2016,375,,
Juventud,,,,2017-02-09,,"LUNA TIC DESIGN, S.L. (ROCKBOTIC)",,"FACTURA 027-2017 CLUB BIT, TALLER DE CREACIÓN DE VIDEOJUEGOS",480,,
Juventud,,,,2017-02-09,,ASOCIACION CULTURAL FIN4FUN,,"FACTURA 01.17  PEDIBUS, RUTAS AL COLEGIO A PIE, ENERO 2017",574.77,,
Juventud,,,,2017-02-13,,ASOCIACION JUVENIL LOIN DU SOL,,FACTURA 05T  CLUB DE PARKOUR ENERO 2016,880,,
Juventud,,,,2017-02-13,,PINILLA LEMA JAVIER (NOMBRE COMERCIAL ZONE MUSIC),,FACTURA 8 CLUB DE DJ ENERO 2017,200,,
Juventud,,,,2017-03-07,,ORTIZ PEÑAS ISMAEL,,FACTURA 0008/17  SESIONES FORMATIVAS CURSO MONITORES TIEMPO LIBRE,650,,
Juventud,,,,2017-03-07,,"LUNA TIC DESIGN, S.L. (ROCKBOTIC)",,FACTURA 057-2017 CLUB BIT: TALLER CREACION DE VIDEOJUEGOS,480,,
Juventud,,,,2017-03-08,,ASOCIACION CULTURAL FIN4FUN,,"FACTURA 04.17  PEDIBUS, RUTAS AL COLEGIO A PIE, FEBRERO 2017",642.4,,
Juventud,,,,2017-03-09,,ALMA TORRES GALLEGO,,"FACTURA 2/2017  18 SESIONES TECNICAS DE ESTUDIO Y AFRONTAMIENTO DE EXAMENES PARA ESO, ENERO Y FEBRERO",810,,
Juventud,,,,2017-03-09,,CLUB DEPORTIVO ELEMENTAL ESQUI NOROESTE ROZAS,,"FACTURA SEDE 2017 CLUB EXPLORADORES, CURSO DE ESQUI",946,,
Juventud,,,,2017-03-09,,ASOCIACION JUVENIL MINAS MORGUL-2M,,FACTURA 201701  TORNEO DE MAGIC,32.99,,
Juventud,,,,2017-03-23,,ASOCIACION JUVENIL LOIN DU SOL,,FACTURA 06T  CLUB DE PARKOUR MES DE FEBRERO,1060,,
Juventud,,,,2017-03-23,,PINILLA LEMA JAVIER (NOMBRE COMERCIAL ZONE MUSIC),,FACTURA 9  CLUB DE DJ FEBRERO 2017,200,,
Medio Ambiente,,,,2017-03-16,,URBASER SA,,FACTURA SEDE 38549FACT170006 RECOGIDA RSU Y PUNTO LIMPIO MES DE FEBRERO,64780.1,,
Medio Ambiente,,,,2017-01-01,,ASOCIACION ESCALADA SOSTENIBLE,,"FACTURA 01/2016 CONCEPTO GASTOS JORNADA """"AQUI NO PINTAS NADA""""",1167.22,,
Medio Ambiente,,,,2017-01-23,,URBASER SA,,FACTURA SEDE 38549FACT160038 LIMPIEZA VIARIA Y GRAFFITIS MES DICIEMBRE,55634.87,,
Medio Ambiente,,,,2017-02-13,,URBASER SA,,FACTURA SEDE 38549FACT170002   LIMPIEZA VIARIA Y GRAFITTIS MES DE ENERO,55634.87,,
Medio Ambiente,,,,2017-02-27,,"PROLISER, S.L.",,"FACTURA SEDE 170180 LIMPIEZA DE PINTADAS EXISTENTES EN PARAMENTOS DE PIEDRAS Y ZONA DE ATALAYA, SEGÚN REFERENCIA AD22017",1942.49,,
Medio Ambiente,,,,2017-03-14,,URBASER SA,,FACTURA SEDE 38549FACT170005  LIMPIEZA VIARIA Y GRAFITTIS MES DE FEBRERO,55634.87,,
Medio Ambiente,,,,2017-01-01,,"NORTHGATE ESPAÑA RENTING FLEXIBLE, S.A.",,"FACTURA SEDE A-1617-107131  ALQUILER, MATR: HZX0104, PERIODO FACTURACION: 01/11/16 - 30/11/16 , REFERENCI",772.95,,
Medio Ambiente,,,,2017-01-19,,TRANSTEL SA,,FACTURA SEDE 520 9207 GDN NISSAN CABSTAR  Alquiler del 01/12/2016 al 31/12/2016,968,,
Medio Ambiente,,,,2017-02-27,,"NORTHGATE ESPAÑA RENTING FLEXIBLE, S.A.",,"FACTURA SEDE A-1617-122641  ALQUILER: HZX0104, PERIODO FACTURACION: 01/12/16 - 31/12/16 ,",772.95,,
Medio Ambiente,,,,2017-02-27,,"NORTHGATE ESPAÑA RENTING FLEXIBLE, S.A.",,"FACTURA SEDE A-1617-122642  ALQUILER, MATR: HJP0828, PERIODO FACTURACION: 01/12/16 - 31/12/16 ,",874.09,,
Medio Ambiente,,,,2017-02-27,,TRANSTEL SA,,FACTURA SEDE 566  9207GDN NISSAN CABSTAR  DEL 01/01/2017 AL 31/01/2017 ),968,,
Medio Ambiente,,,,2017-02-27,,"NORTHGATE ESPAÑA RENTING FLEXIBLE, S.A.",,"FACTURA SEDE A-1617-137660 ALQUILER  HZX0104, PERIODO FACTURACION: 01/01/17 - 31/01/17",772.95,,
Medio Ambiente,,,,2017-02-27,,"NORTHGATE ESPAÑA RENTING FLEXIBLE, S.A.",,"FACTURA SEDE A-1617-137662 ALQUILER, MATR: HJP0828, PERIODO FACTURACION: 01/01/17 - 31/01/17",874.09,,
Medio Ambiente,,,,2017-02-27,,"NORTHGATE ESPAÑA RENTING FLEXIBLE, S.A.",,"FACTURA SEDE A-1617-137665 ALQUILER, MATR: HYD7909, PERIODO FACTURACION: 01/01/17 - 31/01/17",483.96,,
Medio Ambiente,,,,2017-01-19,,VIVEROS RUCAT SL,,FACTURA 6160337  COMPRA MATERIAL JARDINERIA PARA MANTENIMIENTO ARBOLADO,1785.55,,
Medio Ambiente,,,,2017-02-27,,SOLRED,,FACTURA A/2017/0000129550  OPERACIONES REALIZADAS CON TARJETA SOLRED MES ENERO SERV GENERALES,222.67,,
Medio Ambiente,,,,2017-03-16,,SOLRED,,FACTURA A/2017/0000296256 OPERACIONES REALIZADAS CON TARJETA SOLRED MES DE FEBRERO SERVICIOS GENERALES,313,,
Medio Ambiente,,,,2017-02-27,,"JOAQUIN HERNANDEZ E HIJOS, S.L.",,FACTURA 315001232  VESTUARIO PERSONAL MEDIO AMBIENTE,647.1,,
Medio Ambiente,,,,2017-03-16,,"JOAQUIN HERNANDEZ E HIJOS, S.L.",,FACTURA 315001249  VESTUARIO MEDIO AMBIENTE,985.4,,
Medio Ambiente,,,,2017-03-23,,"JOAQUIN HERNANDEZ E HIJOS, S.L.",,FACTURA 315001302  VESTUARIO MEDIO AMBIENTE,507.84,,
Medio Ambiente,,,,2017-02-13,,GENERAL DE PINTURAS DEL NORTE SL FABRICOLOR,,FACTURA SEDE 56  SUMINISTRO MATERIAL PINTURAS CONCEJALIA MEDO AMBIENTE,1655.69,,
Medio Ambiente,,,,2017-02-13,,GENERAL DE PINTURAS DEL NORTE SL FABRICOLOR,,FACTURA  SEDE 79  SUMINISTRO MATERIAL PINTURAS MEDIO AMBIENTE,343.64,,
Medio Ambiente,,,,2017-03-14,,CRISTALERIAS TORRELODONES SA,,FACTURA 280  MATERIAL PARA MEDIO AMBIENTE,48.64,,
Medio Ambiente,,,,2017-03-14,,CRISTALERIAS TORRELODONES SA,,FACTURA 389  MATERIAL PARA MEDIO AMBIENTE,94.33,,
Medio Ambiente,,,,2017-01-19,,JUAN C ULECIA ZALDIVAR (VETERINARIO),,FACTURA 072  CONCEPTO SERVICIOS VETERINARIOS DICIEMBRE 2016,326.7,,
Medio Ambiente,,,,2017-01-19,,ASOCIACION ABRAZO ANIMAL,,FACTURA 0031216 SERVICIO GESTION INTEGRAL DEL CENTRO DE ATENCION ANIMAL,4500,,
Medio Ambiente,,,,2017-01-23,,ANDRIALA SL,,"FACTURA SEDE 716  HORAS DE PERSONAL DE LIMPIEZA Y RETIRADA DE RESTOS, CAMBIO DE BOLSAS DE PAPELERAS Y BARRIDO DE ZONAS I",4016.76,,
Medio Ambiente,,,,2017-02-09,,LAMANA PEREZ EDUARDO,,FACTURA 2017-0001  SERVICIO GESTION INTEGRAL DE SENDAS GUIADAS Y CAMPAÑAS PARTICIPACION AMBIENTAL PERIODO 20 DICIEMBRE A,1724.14,,
Medio Ambiente,,,,2017-02-15,,CONAT GREEN S.L.,,FACTURA SEDE 34  RETIRADA ESCOMBROS MONTE DE LOS ÁNGELES,12240.97,,
Medio Ambiente,,,,2017-02-27,,JUAN C ULECIA ZALDIVAR (VETERINARIO),,FACTURA 012  CONCEPTO SREVICIO VETERINARIO ENERO,1113.2,,
Medio Ambiente,,,,2017-03-07,,LAMANA PEREZ EDUARDO,,FACTURA 2017-0002 SERVICIO GESTION INTEGRAL SENDAS GUIADAS Y CAMPAÑAS DE PARTICIPACION AMBIENTAL EN EL MUNICIPIO DEL 20,1724.14,,
Medio Ambiente,,,,2017-03-30,,ASOCIACION ABRAZO ANIMAL,,FACTURA 0010117  GESTION INTEGRAL CENTRO ATENCION ANIMAL MES ENERO,4500,,
Medio Ambiente,,,,2017-01-01,,SERVICIOS INTEGRALES DE FINCAS URBANAS DE MADRID SL,,FACTURA FV-MA16/04594  JARDINERIA URB MONTEALEGRIA MES NOVIEMBRE,333.92,,
Medio Ambiente,,,,2017-01-01,,"SERVICIOS INTEGRALES EN MADERA DE EXTERIORES, SL",,FACTURA SEDE 150 CONSERVACION Y REPARACION EN AREAS DE JUEGOS INFANTILES,1305.49,,
Medio Ambiente,,,,2017-01-01,,"GRUPORAGA, S.A.",,"FACTURA SEDE FC1216-0043 IMPORTE 3592,45 LIMPIEZA DE TESELAS Y SENDAS",3592.45,,
Medio Ambiente,,,,2017-01-01,,"GRUPORAGA, S.A.",,"FACTURA SEDE FC1216-0044 IMPORTE 5927,54 TRABAJOS FORESTALES",5927.54,,
Medio Ambiente,,,,2017-01-25,,SERVICIOS INTEGRALES DE FINCAS URBANAS DE MADRID SL,,CONTRATO POR 3 AÑOS A PARTIR DEL 1-JUNIO-2014 CONSERVACION Y MANTENIMIENTO PARQUES PRADOGRANDE Y HUMEDAL,2623.52,,
Medio Ambiente,,,,2017-02-09,,"SERVICIOS INTEGRALES EN MADERA DE EXTERIORES, SL",,"FACTURA SEDE 165  TRABAJOS DE CONSERVACION, REPARACION Y GESTION DE SEGURIDAD DE AREAS DE JUEGOS INFANTILES MES DE ENERO",1305.49,,
Medio Ambiente,,,,2017-02-09,,VALORIZA SERVICIOS MEDIOAMBIENTALES SA,,"FACTURA SEDE A-17-H030401-000001  SERVICIO DE CONSERVACIÓN Y MANTENIMIENTO DE PARQUES, JARDINES Y ZONAS VERDES Y ARBOLAD",41669.65,,
Medio Ambiente,,,,2017-02-09,,"GRUPORAGA, S.A.",,FACTURA  SEDE FC0117-0063  LIMPIEZA DE TESELAS Y SENDAS MES ENERO,3592.45,,
Medio Ambiente,,,,2017-02-09,,"GRUPORAGA, S.A.",,FACTURA SEDE FC0117-0064  TRABAJOS FORESTALES MES ENERO,5927.54,,
Medio Ambiente,,,,2017-02-27,,SERVICIOS INTEGRALES DE FINCAS URBANAS DE MADRID SL,,FACTURA FV-MA16/04712  JARDINERIA URB MONTEALEGRIA MES DICIEMBRE 2016,333.92,,
Medio Ambiente,,,,2017-02-27,,SERVICIOS INTEGRALES DE FINCAS URBANAS DE MADRID SL,,FACTURA FV-MA17/00163  LIMPIEZA PRADO GRANDE Y HUMEDAL MES ENERO,2623.52,,
Medio Ambiente,,,,2017-03-07,,"SERVICIOS INTEGRALES EN MADERA DE EXTERIORES, SL",,"FACTURA SEDE 173  CONSERVACION, REPARACION Y GESTION SEGURIDAD AREAS DE JUEGO INFANTILES MES FEBRERO",1305.49,,
Medio Ambiente,,,,2017-03-08,,VALORIZA SERVICIOS MEDIOAMBIENTALES SA,,"FACTURA SEDE A-17-H030401-000002 SERVICIO DE CONSERVACIÓN Y MANTENIMIENTO DE PARQUES, JARDINES Y ZONAS VERDES  FEBRERO 2",41669.65,,
Medio Ambiente,,,,2017-03-08,,"GRUPORAGA, S.A.",,FACTURA  SEDE FC0217-0071  LIMPIEZA DE TESELAS Y SENDAS MES DE FEBRERO,3592.45,,
Medio Ambiente,,,,2017-03-08,,"GRUPORAGA, S.A.",,FACTURA  SEDE FC0217-0072  TRABAJOS FORESTALES MES DE FEBRERO,5927.54,,
Medio Ambiente,,,,2017-03-09,,SERVICIOS INTEGRALES DE FINCAS URBANAS DE MADRID SL,,FACTURA FV-MA17/00474  SERVICIO LIMPIEZA PRADO GRANDSE Y HUMEDAL MES DE FEBRERO,2623.52,,
Medio Ambiente,,,,2017-03-30,,ANDRIALA SL,,"FACTURA SEDE 332  HORAS DE PERSONAL EN LIMPIEZA Y RETIRAD DE RESTOS, CAMBIO DE BOLSAS DE PAPELERAS Y BARRIDO DE ZONAS IN",6497.7,,
Medio Ambiente,,,,2017-01-01,,"SERVICIOS INTEGRALES EN MADERA DE EXTERIORES, SL",,FACTURA SEDE 148   INSTALACION JUEGOS INFANTILES,21167.74,,
Medio Ambiente,,,,2017-01-01,,"SERVICIOS INTEGRALES EN MADERA DE EXTERIORES, SL",,FACTURA  SEDE 149  JUEGOS INFANTILES,21437.57,,
Medio Ambiente,,,,2017-01-01,,HPC IBERICA SA,,"FACTURA SEDE 1 IMPORTE 5655,54 ¿ TELEFÉRICO METAL  REF:150000J512",5655.54,,
Medio Ambiente,,,,2017-02-16,,"SERVICIOS INTEGRALES EN MADERA DE EXTERIORES, SL",,FACTURA  SEDE 166  SUMINISTRO E INSTALACION DE VALLA METALICA,3242.8,,
Medio Ambiente,,,,2017-01-01,,VALORIZA SERVICIOS MEDIOAMBIENTALES SA,,FACTURA SEDE A-16-H030384-000025 ACTUACIONES DE RESTAURACIÓN MEDIOAMBIENTAL DE LA SUPERFICIE AFECTADA POR LAS OBRAS DEL,15208.8,,
Medio Ambiente,,,,2017-01-23,,PACSA SERVICIOS URBANOS Y DEL MEDIO NATURAL SL,,FACTURA 16122900003 CERTIFICACION Nº 1  PROYECTO ACONDICIONAMIENTO JARDINES PARROCO FRANCISCO OYAMBURU,1780.25,,
Medio Ambiente,,,,2017-03-23,,PACSA SERVICIOS URBANOS Y DEL MEDIO NATURAL SL,,FACTURA SEDE 17021000001  CERTIFICACION Nº 2 OBRAS JARDINES PARROCO FRANCISCO OYAMBURU,19196.14,,
Medio Ambiente,,,,2017-03-23,,PACSA SERVICIOS URBANOS Y DEL MEDIO NATURAL SL,,FACTURA SEDE 17030800001 CERTIFICACION 3 OBRAS JARDINES PARROCO FRANCISCO OYAMBURU,14173.11,,
Medio Ambiente,,,,2017-01-01,,VALORIZA SERVICIOS MEDIOAMBIENTALES SA,,"FACTURA SEDE A-16-H030401-000010  REPOSICIÓN DE ARBUSTOS ZONAS VERDES TORRELODONES, FUERA DEL CONTRATO DE PARQUES Y JARD",17656.37,,
Medio Ambiente,,,,2017-01-01,,"TALHER, S.A.",,FACTURA SEDE 060960000116FAC  CERTIFICACION Nº 1  OBRA PROYECTO ACONDICIONAMIENTO PARQUE ARROYO VALERO,13119.69,,
Medio Ambiente,,,,2017-01-01,,"LIMONIASTRUM, SL",,"FACTURA SEDE 25  AD220160016821 MOVIMIENTO DE TIERRAS, UD DESMONTAJE DE BANCO, CREACION NUEVO AJARDINAMIENTO TORREFORUM,",15139.68,,
Medio Ambiente,,,,2017-01-23,,PROVIRE PRODUCTOS SL,,FACTURA SEDE 30 CERTIFICACION Nº 6 REORDENACION PARQUE CL NUEVA ESQUINA CL HIGUERA,17875.74,,
Medio Ambiente,,,,2017-01-23,,KEBIRA SOLUCIONES INTEGRALES SL,,FACTURA SEDE 55 REACONDICIONAMIENTO PARQUE FLORIDABLANCA,15634.16,,
Medio Ambiente,,,,2017-01-23,,PROVIRE PRODUCTOS SL,,FACTURA  SEDE 26  CERTIFICACION Nº 5 REORDENACION PARQUE CL NUEVA ESQUINA CL HIGUERA,10975.73,,
Medio Ambiente,,,,2017-02-20,,"GESTION Y EJECUCION DE OBRA CIVIL, S.A.",,FACTURA SEDE 10  CERTIFICACION 4 REMODELACION PARQUE JOTACHE,53352.51,,
Medio Ambiente,,,,2017-02-27,,"TALHER, S.A.",,FACTURA SEDE 060960000117FAC  CERTIFICACION Nº 2 PROYECTO ACONDICIONAMIENTO PARQUE ARROYO VARELO,1279.99,,
Medio Ambiente,,,,2017-03-23,,"GESTION Y EJECUCION DE OBRA CIVIL, S.A.",,FACTURA SEDE 15  CERTIFICACION Nº 5 MES DE FEBRERO REMODELACION PARQUE JOTACHE,42681.98,,
Salud,,,,2017-01-01,,NATURALIA NATURALEZA URBANA SA,,PRORROGA POR 1 AÑO A PARTIR DEL 20-ABRIL-2016 CONTRATO SERVICIO DESRATIZACION Y DESINSECTACION,2557.5,,
Salud,,,,2017-02-13,,NATURALIA NATURALEZA URBANA SA,,FACTURA 4324/17 SERVICIO LUCHA ANTIVECTORIAL. DESRATIZACION RED GENERAL ALCANTARILLADO PERIODO 20/10/16 A 19/01/17,2557.5,,
Protección Civil,,,,2017-02-22,,SOLRED S.A.,,Combustible sevicio mes de enero ,193.52,,
Protección Civil,,,,2017-03-23,,SOLRED S.A.,,Combustible sevicio mes de febrero ,199.27,,
Protección Civil,,,,2017-02-24,,KFTP TORREPOL S.L.,,Comida voluntario doble turno ,13.5,,
Protección Civil,,,,2017-01-14,,DANO RESTAURACIÓN S.L.,,Cena voluntarios doble turno ,33,,
Protección Civil,,,,2017-02-03,,RESVILODONES S.L.U.,,Comida voluntarios doble turno ,19.4,,
Protección Civil,,,,2017-01-06,,EVIN FRANCHISES S.L.,,Comidas voluntarios doble turno ,20.58,,
Protección Civil,,,,2017-01-05,,EVIN FRANCHISES S.L.,,Comidas voluntarios doble turno Cabalgata ,20.79,,
Protección Civil,,,,2017-02-04,,EVIN FRANCHISES S.L.,,Comidas voluntarios doble turno ,20.79,,
Protección Civil,,,,2017-02-05,,CASA TRIANA,,Comidas voluntarios doble turno ,22.5,,
Protección Civil,,,,2017-02-07,,FONSECA JARDINERÍA S.A.,,Reparación motosierra ,43.22,,
Protección Civil,,,,2017-01-01,,PROTECCIÓN Y EXTINCIÓN S.A.,,Contrato mantenimiento extinción y detección de incendios prorrateo 4º trimestre 2016,4157.72,,
Protección Civil,,,,2017-02-27,,BIOMETRICS & SAFETY IBÉRICA S.L.,,Contrato mantenimiento sevicio cardioprotección edificios municipales 4º trimestre 2016,1502.82,,
Protección Civil,,,,2017-03-07,,PROTECCIÓN Y EXTINCIÓN S.A.,,Modificación pulsador pista deportiva colegio El Encinar,152.46,,
Protección Civil,,,,2017-02-21,,ELECTROMÓVIL M. CUEVAS S.L.,,Kit embrague Nissan Pathfinder  ,477.95,,
Protección Civil,,,,2017-01-20,, TALLERES A. MORENO S.A.,,Sustitución ruedas traseras vehículo P. Civil 6689DPY,315.18,,
Protección Civil,,,,2017-01-31,,ALCAMPO S.A.,,Batería vehículo P. Civil 9050HJK ,97,,
Protección Civil,,,,2017-03-14,, TALLERES A. MORENO S.A.,,Reparación pinchazo y montaje de rueda vehículo P. Civil 6689DPY ,20.57,,
Protección Civil,,,,2017-03-14,, ACEÑA MOTOR S.L.,,Tuercas fijación rueda vehículo P. Civil 6689DPY,6.15,,
Protección Civil,,,,2017-02-24,,ELECTROMÓVIL M. CUEVAS S.L.,,Cambio caja de cambios vehículo 6689-DPY,2818.09,,
Protección Civil,,,,2017-01-01,,APOYO Y SUMINISTROS MÉDICOS S.L.,,Compra vestuario servicio diciembre 2016,3841.27,,
Protección Civil,,,,2017-03-10,,(FARMACIA LDA. MARTA ORTEGA COTO),,Paquetes gasas hidrofilas ,1.88,,
Protección Civil,,,,2017-01-30,,(CONTSE S.A.) ,,Recarga botella oxígeno ,28.92,,
Protección Civil,,,,2017-02-10,,(ELSA BERROCAL SAN MARTÍN),,Arreglo vestuario contra incendios ,18,,
Protección Civil,,,,2017-02-15,,FARISA CONSULTORES Y ASESORES S.A.,,Plan de Protección Civil ante incendios forestales,9680,,
Seguridad,,,,2017-02-01,,"Proyectos Torrelodones, SL",,Arrendamiento plazas parking cl. Cudillero nº 6  mes enero ,847,,
Seguridad,,,,2017-03-06,,"Proyectos Torrelodones, SL",,Arrendamiento plazas parking cl. Cudillero nº 6 mes febrero,847,,
Seguridad,,,,2017-04-03,,"Proyectos Torrelodones, SL",,Arrendamiento plazas parking cl. Cudillero nº 6 mes marzo,847,,
Seguridad,,,,2017-01-09,,"Alphabet España Fleet Managment, SA",,Alquiler y servicios del 1 al 30 de noviembre de 2016 vehículo de Policía Local,892.67,,
Seguridad,,,,2017-02-01,,"Alphabet España Fleet Managment, SA",,Alquiler y servicios del 1 al 25 de enero de 2017 vehículo de Policía Local,743.9,,
Seguridad,,,,2017-01-27,,Escuela de Conducción Avanzada SL,,Reparación de vehículo de Policía Local,527.02,,
Seguridad,,,,2017-02-24,,Escuela de Conducción Avanzada SL,,Reparación de vehículo de Policía Local,355.44,,
Seguridad,,,,2017-03-14,,Escuela de Conducción Avanzada SL,,Reparación de vehículos de Policía Local,847.18,,
Seguridad,,,,2017-01-06,,"Gas Natural Servicios SDG, SA",,Peridodo 18.11.16 al 22.12.16 edificio municipal Cl. Cudillero nº 6,1493.42,,
Seguridad,,,,2017-01-25,,"Gas Natural Servicios SDG, SA",,Peridodo 20.10.16 al 17.11.16 edificio municipal Cl. Cudillero nº 6,1190.16,,
Seguridad,,,,2017-02-17,,Galp Energía España SAU,,Peridodo 05.12.16 al 10.01.17 edificio municipal Cl. Cudillero nº 6,1766.5,,
Seguridad,,,,2017-02-21,,Galp Energía España SAU,,Peridodo 20.01.17 al 07.02.17 edificio municipal Cl. Cudillero nº 6,1521.1,,
Seguridad,,,,2017-03-24,,Galp Energía España SAU,,Peridodo 07.02.17 al 13.03.17 edificio municipal Cl. Cudillero nº 6,1487.63,,
Seguridad,,,,2017-01-13,,Solred,,Combustible vehículos Policía Local diciembre de 2016,906.15,,
Seguridad,,,,2017-02-22,,Solred,,Combustible vehículos Policía Local enero 2017,878.32,,
Seguridad,,,,2017-03-23,,Solred,,Combustible vehículos Policía Local febrero 2017,933.9,,
Seguridad,,,,2017-02-28,,Industrias Saludes SA,,50 rollos de cinta balizamiento para Policía Local,736.29,,
Seguridad,,,,2017-03-27,,Galasturhunde Asociados 2008 SL,,"Material para los perros de la Unidad Canina (motivadores, arneses, collares, transportin)",297.01,,
Seguridad,,,,2017-03-01,,G Tres Gruas Antonio SL,,servicio Grua mes de febrero de 2017,483.49,,
Seguridad,,,,2017-03-03,,Grupo Manserco SL,,factura limpieza edificios municipales mes febrero 2017,1401.55,,
Servicios Sociales,,,,2016-12-31,,MAGDALENA CASTILLO E HIJOS,,Prensa Centro de Servicios Sociales,27.46,,
Servicios Sociales,,,,2016-12-31,,MAGDALENA CASTILLO E HIJOS,,Prensa Centro de Servicios Sociales,2.49,,
Servicios Sociales,,,,2017-02-06,,LA POLCA SL,,Prensa Centro de Servicios Sociales,144,,
Servicios Sociales,,,,2017-03-05,,LA POLCA SL,,Prensa Centro de Servicios Sociales,138.4,,
Servicios Sociales,,,,2017-04-03,,LA POLCA SL,,Prensa Centro de Servicios Sociales,149.6,,
Servicios Sociales,,,,2017-02-09,,GALP ENERGIA ESPAÑA SAU,,CONTRATO 30005630 PERIODO 05/12/16 A 10/01/17 AV DEHESA 63,159.02,,
Servicios Sociales,,,,2017-02-27,,"GAS NATURAL SERVICIOS SDG, S.A.",,CONTRATO 19480431 PERIODO 21/10/16 A 21/11/16 EDIF MUNICIPALES,6574.24,,
Servicios Sociales,,,,2017-02-27,,"GAS NATURAL SERVICIOS SDG, S.A.",,CONTRATO 19480431  PERIODO 23/09/16 A 20/10/16 EDIF MUNICIPALES,6889.44,,
Servicios Sociales,,,,2017-02-27,,"GAS NATURAL SERVICIOS SDG, S.A.",,CONTRATO 19480431 PERIODO 22/11/16 A 27/12/16 EDIF MUNICIPALES,7337.25,,
Servicios Sociales,,,,2017-01-25,,GALP ENERGIA ESPAÑA SAU,,CONTRATO 30005630 PERIODO 11/11/16 A 05/12/16 AV DEHESA 63,118.88,,
Servicios Sociales,,,,2017-02-27,,GALP ENERGIA ESPAÑA SAU,,CONTRATO 30005630 PERIODO 10/01/17 A 07/02/17 AV DEHESA 63,147.35,,
Servicios Sociales,,,,2017-04-05,,GALP ENERGIA ESPAÑA SAU,,CONTRATO 30005630 PERIODO 07/02/17 A 13/03/17 AV DEHESA 63,174.58,,
Servicios Sociales,,,,2017-01-20,,"AUTOCARES CASANZ, SL",,Transporte Salida Cultural mayores Museo de America 20 enero,180,,
Servicios Sociales,,,,2017-02-14,,"AUTOCARES CASANZ, SL",,Transporte Salida Cultural mayores Teatro Real 14 febrero,200,,
Servicios Sociales,,,,2017-03-30,,"GRUPO MANSERCO, S.L.",,LIMPIEZA EDIFICIOS MUNICIPALES MES FEBRERO,1257.8,,
Servicios Sociales,,,,2017-01-18,,REPROGRAFIA ZOCO 16 SL,,500 unidades de Talonarios de Tickes Transporte urbano para mayores,363,,
Servicios Sociales,,,,2017-01-22,,ASOCIACION LGTB ARCOPOLI,,Campaña lucha contra la discriminacion LGTB. Pulseras arcoiris,2000,,
Servicios Sociales,,,,2017-01-30,,"GRUPO CRECE, DESARROLLO PERSONAL Y PROFESIONAL",,Monografico Escuela Familia: Como convivir con adolescentes y preadolescentes,140,,
Servicios Sociales,,,,2017-01-31,,"GONZALEZ GONZALEZ, ELENA",,Taller de Bolillos,677.6,,
Servicios Sociales,,,,2017-01-31,,"ZUAZU SALVADOR, SANTIAGO",,Taller de Yoga,1287.44,,
Servicios Sociales,,,,2017-01-31,,"GUTIERREZ DE PABLO, LAURA",,Taller de Pilates preventivo,525.14,,
Servicios Sociales,,,,2017-02-01,,"THE SPEAKING CENTRE, SL",,Taller de Ingles baja profesor titular,277.5,,
Servicios Sociales,,,,2017-02-01,,GRUPO MANSERCO,,Conserjes Centro Servicios Sociales,1635.65,,
Servicios Sociales,,,,2017-02-01,,GRUPO MANSERCO,,Conserjes Centro Servicios Sociales,1347,,
Servicios Sociales,,,,2017-02-01,,"SCHOLL MONJAS, JOSE MARIA",,Taller de Pilates,2438.15,,
Servicios Sociales,,,,2017-02-01,,"THE SPEAKING CENTRE, SL",,Taller de Ingles,777,,
Servicios Sociales,,,,2017-02-01,,"THE SPEAKING CENTRE, SL",,Taller de Frances,518,,
Servicios Sociales,,,,2017-02-01,,"THE SPEAKING CENTRE, SL",,Taller de Aleman,259,,
Servicios Sociales,,,,2017-02-03,,"LIU ZHANG, XIAO DA",,Taller de Taichi,220.22,,
Servicios Sociales,,,,2017-02-05,,"TORRABA PEREZ, RICARDO",,Taller de Tecnicas de Estudio y motivacion para Formacion Profesional IES Diego Velazquez,936,,
Servicios Sociales,,,,2017-02-21,,"SAINZ BENITEZ DE LUGO, PILAR",,Taller de Redescubrir el Arte,157.5,,
Servicios Sociales,,,,2017-02-21,,"SAINZ BENITEZ DE LUGO, PILAR",,Taller de Historia,945,,
Servicios Sociales,,,,2017-02-28,,"GONZALEZ GONZALEZ, ELENA",,Taller de Bolillos,677.6,,
Servicios Sociales,,,,2017-02-28,,"SAINZ BENITEZ DE LUGO, PILAR",,Taller de Redescubrir el Arte,210,,
Servicios Sociales,,,,2017-02-28,,"SAINZ BENITEZ DE LUGO, PILAR",,Taller de Historia,1050,,
Servicios Sociales,,,,2017-02-28,,GRUPO MANSERCO,,Conserjes Centro Servicios Sociales,2982.65,,
Servicios Sociales,,,,2017-02-28,,"ZUAZU SALVADOR, SANTIAGO",,Taller de Yoga,1490.72,,
Servicios Sociales,,,,2017-02-28,,"GUTIERREZ DE PABLO, LAURA",,Taller de Pilates preventivo,600.16,,
Servicios Sociales,,,,2017-03-01,,"DEL NOGAL TOME, MIGUEL",,Monografico Escuela de Familia: Como detectar y que hacer si tu hijo sufre acoso,150,,
Servicios Sociales,,,,2017-03-01,,"SCHOLL MONJAS, JOSE MARIA",,Taller de Pilates,3000.8,,
Servicios Sociales,,,,2017-03-03,,"LIU ZHANG, XIAO DA",,Taller de Taichi,251.68,,
Servicios Sociales,,,,2017-03-07,,"THE SPEAKING CENTRE, SL",,Taller de Ingles,888,,
Servicios Sociales,,,,2017-03-07,,"THE SPEAKING CENTRE, SL",,Taller de Frances,592,,
Servicios Sociales,,,,2017-03-07,,"THE SPEAKING CENTRE, SL",,Taller de Aleman,296,,
Servicios Sociales,,,,2017-03-07,,"THE SPEAKING CENTRE, SL",,Taller de Ingles baja profesor titular,721.5,,
Servicios Sociales,,,,2017-03-07,,"THE SPEAKING CENTRE, SL",,Taller de Ingles baja profesor titular,388.5,,
Servicios Sociales,,,,2017-03-08,,ASOCIACION DE ESCRITORES SOLIDARIOS CINCO PALABRAS,,Charla de Sensibilizacion sobre Ablacion del clitoris,300,,
Servicios Sociales,,,,2017-03-13,,"GRUPO CRECE, DESARROLLO PERSONAL Y PROFESIONAL",,"Monografico Escuela de Familia: Niños Movidos, Despistados….20 y 27 Febrero",280,,
Servicios Sociales,,,,2017-03-13,,"GRUPO CRECE, DESARROLLO PERSONAL Y PROFESIONAL",,"Monografico Escuela de Familia: Niños Movidos, Despistados….20 y 27 Febrero",140,,
Servicios Sociales,,,,2017-03-24,,JIRIBILLA PRODUCCIONES SL,,Actuacion: Las XL Abandonate Mucho. Actividad 8 de Marzo,1573,,
Servicios Sociales,,,,2017-03-29,,"FANTASIA EXTRAESCOLARES, SL",,Cuidados Infantiles Monograficos Escuela de Familia 1er Trimestre,210,,
Servicios Sociales,,,,2017-03-29,,"GRUPO CRECE, DESARROLLO PERSONAL Y PROFESIONAL",,Monografico Escuela de Familia: Explorando con los 5 sentidos…13 Marzo,140,,
Servicios Sociales,,,,2017-03-29,,"GRUPO CRECE, DESARROLLO PERSONAL Y PROFESIONAL",,Monografico Escuela Familia: Madres y Padres emocionalmente…. 27 Marzo,140,,
Servicios Sociales,,,,2017-03-31,,"THE SPEAKING CENTRE, SL",,Taller de Ingles baja profesor titular,721.5,,
Servicios Sociales,,,,2017-03-31,,"THE SPEAKING CENTRE, SL",,Taller de Ingles baja profesor titular,444,,
Servicios Sociales,,,,2017-03-31,,"THE SPEAKING CENTRE, SL",,Taller de Ingles,888,,
Servicios Sociales,,,,2017-03-31,,"THE SPEAKING CENTRE, SL",,Taller de Frances,666,,
Servicios Sociales,,,,2017-03-31,,"THE SPEAKING CENTRE, SL",,Taller de Aleman,333,,
Servicios Sociales,,,,2017-03-31,,"ZUAZU SALVADOR, SANTIAGO",,Taller de Yoga,1660.12,,
Servicios Sociales,,,,2017-03-31,,"GONZALEZ GONZALEZ, ELENA",,Taller de Bolillos,508.2,,
Servicios Sociales,,,,2017-04-02,,"GUTIERREZ DE PABLO, LAURA",,Taller de Pilates preventivo,675.18,,
Servicios Sociales,,,,2017-04-03,,"SCHOLL MONJAS, JOSE MARIA",,Taller de Pilates,3488.43,,
Servicios Sociales,,,,2017-04-04,,"LIU ZHANG, XIAO DA",,Taller de Taichi,283.14,,
Servicios Sociales,,,,2017-04-04,,"SAINZ BENITEZ DE LUGO, PILAR",,Taller de Historia,1102.5,,
Servicios Sociales,,,,2017-04-04,,"SAINZ BENITEZ DE LUGO, PILAR",,Taller de Redescubrir el Arte,262.5,,
Servicios Sociales,,,,2017-01-31,,"MARTIN GARCIA, ALFONSO",,Vales de Alimentos para ayudas de emergencia,465,,
Servicios Sociales,,,,2017-02-22,,BENEFICIARIO BECA,,Pago beca libros 2016,100,,
Servicios Sociales,,,,2017-02-28,,"MARTIN GARCIA, ALFONSO",,Vales de Alimentos para ayudas de emergencia,675,,
Servicios Sociales,,,,2017-03-31,,"MARTIN GARCIA, ALFONSO",,Vales de Alimentos para ayudas de emergencia,1005,,
Servicios Sociales,,,,2017-02-01,,"SANCHEZ LAPIEDRA, AMPARO",,Vales de Podologia,2799,,
Servicios Sociales,,,,2017-02-03,,"ZOREDA GARCIA, Mª ENCARNACION",,Vales de Podologia,864,,
Servicios Sociales,,,,2017-03-02,,"SANCHEZ LAPIEDRA, AMPARO",,Vales de Podologia,1143,,
Servicios Sociales,,,,2017-03-03,,"ZOREDA GARCIA, Mª ENCARNACION",,Vales de Podologia,684,,
Servicios Sociales,,,,2017-03-08,,"SANCHEZ LAPIEDRA, AMPARO",,Vales de Podologia,90,,
Servicios Sociales,,,,2017-03-31,,"SANCHEZ LAPIEDRA, AMPARO",,Vales de Podologia,1467,,
Servicios Sociales,,,,2017-04-07,,"ZOREDA GARCIA, Mª ENCARNACION",,Vales de Podologia,855,,
Servicios Sociales,,,,2017-02-28,,FUNDACION AGUA DE COCO,,SUBVENCION ONG EJERCICIO 2017,16815,,
Servicios Sociales,,,,2017-02-28,,MEDICUS MUNDI NAVARRA,,SUBVENCION ONG EJERCICIO 2017,15000,,
Servicios Sociales,,,,2017-02-28,,GLOBAL HUMANITARIA,,SUBVENCION ONG EJERCICIO 2017,10000,,
Servicios Sociales,,,,2017-02-28,,AMIGOS DE LA TIERRA,,SUBVENCION ONG EJERCICIO 2017,8630,,
Urbanismo,,,,2017-01-25,,ACTIVA EDIFICA PROMOCION INMOBILIARIA SL,,01/2017 CONCEPTO ALQUILER MES DE ENERO SOLAR CALLE RELOJEROS 4,1210,,
Urbanismo,,,,2017-01-25,,"TRAUMHAUSER, SL",,17/0001/000001 RENTA SOLAR ALBERQUILLA POLIN ENERO 2017,1210,,
Urbanismo,,,,2017-02-09,,ACTIVA EDIFICA PROMOCION INMOBILIARIA SL,,02/2017 CONCEPTO ALQUILER SOLAR C/ RELOJEROS 4,1210,,
Urbanismo,,,,2017-02-13,,"TRAUMHAUSER, SL",,17/0001/000002 ALQUILER SOLAR ALBERQUILLA POLIN MES FEBRERO,1210,,
Urbanismo,,,,2017-03-08,,"TRAUMHAUSER, SL",,17/0001/000003 RENTA SOLAR ALBERQUILLA POLIN MES DE MARZO,1210,,
Urbanismo,,,,2017-03-08,,ACTIVA EDIFICA PROMOCION INMOBILIARIA SL,,03/2017  ALQUILER SOLAR USO APARCAMIENTO CL RELOJEROS MES MARZO,1210,,
Urbanismo,,,,2017-01-19,,IBERPARK,,735  AD220160000878 ALQUILER PARQUÍMETROS Y MANTENIMIENTO INTEGRAL DEL 1 AL 31 DE DICIEMBRE DE 2016,816.75,,
Urbanismo,,,,2017-01-19,,IBERPARK,,736  ALQUILER PARQUÍMETROS Y MANTENIMIENTO INTEGRAL DEL 1 AL 31 DE DICIEMBRE DE 2016,272.25,,
Urbanismo,,,,2017-01-19,,IBERPARK,,737  ALQUILER PARQUÍMETROS Y MANTENIMIENTO INTEGRAL DEL 1 AL 31 DE DICIEMBRE DE 2016,272.25,,
Urbanismo,,,,2017-01-19,,IBERPARK,,738 ALQUILER PARQUÍMETROS Y MANTENIMIENTO INTEGRAL DEL 1 AL 31 DE DICIEMBRE DE 2016,272.25,,
Urbanismo,,,,2017-01-20,,MONTALBAN NAVAS ANA,,"IMPARTICION TALLER """"LAS CIUDADES DEL FUTURO:CIUDADES A 30KM/H"""", IV CONGRESO  DE LA RED DE CIUDADES QUE CAMINAN.RSL102/17",200,,
Urbanismo,,,,2017-01-20,,JUNCA UBIERNA JOSE ANTONIO,,"IMPARTICION TALLER """"¿CIUDADES PARA TODAS LAS PERSONAS?"""" , IV CONGRESO  DE LA RED DE CIUDADES QUE CAMINAN. RSL102/2017",200,,
Urbanismo,,,,2017-01-20,,MARTINEZ VAZQUEZ VERONICA,,"TALLER """"LA PARTICIPACION INFANTIL EN POLITICAS MOVILIDAD..""""  IV CONGRESO RED DE CIUDADES QUE CAMINAN. RSL 102/2017",200,,
Urbanismo,,,,2017-01-25,,CRISTALERIA ALPEDRETE,,"8 REPOSICION DE FRENO SPEEDY, CHAPA Y PERNIO BAJO EN PUERTA ENTRADA URBANISMO",484.1,,
Urbanismo,,,,2017-01-25,,VELASCO GONZALEZ EPIFANIO,,4.771  SUSTITUCION JUEGO MANIVELA EN PUERTA SALIDA A CUBIERTA EIFICIO SEGURIDAD,677.6,,
Urbanismo,,,,2017-02-09,,R29 SL,,201700018 ARREGLO DE HUMEDAD EN CUBIERTA PLANA EDIFICIO CULTURA,532.4,,
Urbanismo,,,,2017-02-09,,R29 SL,,201700019  ARREGLO HUMEDAD TECHO BAÑO CULTURA,290.4,,
Urbanismo,,,,2017-02-09,,R29 SL,,201700020  REPARACION CALDERA COCINA CL ARTES 19,96.8,,
Urbanismo,,,,2017-02-09,,R29 SL,,201700021  ARREGLO GOTERA EN CHIMENEA CALDERA CL LETRAS 17,133.1,,
Urbanismo,,,,2017-02-09,,R29 SL,,201700022  INSTALACION RADIADOR CL MUSICA 5,226.27,,
Urbanismo,,,,2017-02-09,,R29 SL,,201700023 INSTALACION VITROCERAMICA EN CL MUSICA 11,326.7,,
Urbanismo,,,,2017-02-09,,R29 SL,,"201700027  PICADO, ENFOSCADO Y PINTADO DE BANDEJA DE TERRAZA EDIFICIO URBANISMO",1393.94,,
Urbanismo,,,,2017-02-09,,"SANMI REPARACIONES, S.L.",,2  REPARACIONES VARIAS EN EDIFICIO SERVICIOS SOCIALES,750.2,,
Urbanismo,,,,2017-02-16,,R29 SL,,201700037  ARREGLO PERSIANA VIVIENDA CL ARTES,72.6,,
Urbanismo,,,,2017-02-22,,CRISTALERIA ALPEDRETE,,"18  REPOSICION DE FRENO SPEEDY, CHAPA Y PERNIO BAJO EN PUERTA EDIFICIO URBANISMO",484.1,,
Urbanismo,,,,2017-02-27,,"C.P. C/ ARTES, CIENCIAS, LETRAS Y MUSICA -  FASE II",,2/2017  CONCEPTO CUOTAS CORRESPONDIENTE AL MES ENERO 2017,398.66,,
Urbanismo,,,,2017-02-27,,"C.P. C/ ARTES, CIENCIAS, LETRAS Y MUSICA (FASE 1)",,2/2017  CONCEPTO CUOTAS FASE I MES ENERO 2017,337.06,,
Urbanismo,,,,2017-02-27,,"C.P. C/ ARTES, CIENCIAS, LETRAS Y MUSICA (FASE 1)",,3/2017  CONCEPTO CUOTA C P FASE I ENERO,337.06,,
Urbanismo,,,,2017-02-27,,"C.P. C/ ARTES, CIENCIAS, LETRAS Y MUSICA -  FASE II",,"RECIBO 4/2017 CUOTA COMUNIDAD PROPIETARIOS CL CIENCIAS, LETRAS, ARTES Y MUSICA FASE II MES FEBRERO",398.66,,
Urbanismo,,,,2017-02-28,,R29 SL,,201700051  IMPERMEABILIZACION TERRAZA BIBLIOTECA,1607.06,,
Urbanismo,,,,2017-03-07,,R29 SL,,201700067 COLOCACION NUEVO TECHO IMPERMEABLE TERRAZAS EDIFICIO MEDIO AMBIENTE,6236.59,,
Urbanismo,,,,2017-03-09,,R29 SL,,201700080  COLOCACION MULETILLAS EN PUERTAS,284.35,,
Urbanismo,,,,2017-03-16,,"SANMI REPARACIONES, S.L.",,4  DESTRANCO BAÑO SERVICIOS ECONOMICOS,42.35,,
Urbanismo,,,,2017-03-16,,R29 SL,,201700089 CAMBIO DE INYECTORES EN PLACA COCINA CL ARTES Nº3,266.2,,
Urbanismo,,,,2017-03-09,,INFOMAP3 S.L.,,7  SUMINISTRO DE 1ª LICENCIA DE PRESTO PARA URBANISMO,2530.11,,
Urbanismo,,,,2017-03-16,,INFOMAP3 S.L.,,8  MODULO PERSONALIZACION DE INFORMES EN LICENCIA PRESTO PARA URBANISMO,48.4,,
Urbanismo,,,,2017-01-12,,"C-15, S.A.",,PAGO RESTO INDEMNIZACION SEGUN SETENCIA EN EL RECURSO DE APELACION 773/2015. RESOLUCION 64/2017,47142.55,,
Urbanismo,,,,2017-01-19,,"ESTRATEGIA Y GESTION DE ENERGIA, SL",,A1400N17 ELABORACION DE ADENDA A LA PROPUESTA PARA ELABORACION DEL INVENTARIO DE LAS INSTALACIONES DE LOS EDIFIC,5117.09,,
Urbanismo,,,,2017-01-25,,COTA CERO SLP,,17 DIRECCION DE OBRA DEL PROYECTO SUMINISTRO E INSTALACIÓN DE LUMINARIAS LED'S AD _x0013_ 220160011730  2 ª CERTI,3206.37,,
Urbanismo,,,,2017-02-09,,"ESTRATEGIA Y GESTION DE ENERGIA, SL",,A1300N16 SERVICIOS ASESORIA Y GETION SUMINISTROS ELECTRICOS Y CION AYTO REVISION S AGOSTO A OCTUBR,1486.24,,
Urbanismo,,,,2017-02-16,,"GASCON LOZANO, IDALBERG",,17006 REDACCION PROYECTO INSTALACIONES PROTECCION BAJA TENSION GUARDERIA SEÑORA SERGIA,1818.34,,
Urbanismo,,,,2017-02-22,,CONTRERAS ALONSO ISABEL,,06 LEVANTAMIENTO TOPOGRAFICO PARCELAS CL NIEVES Y AV ROSARIO MANZANEQUE,544.5,,
Urbanismo,,,,2017-02-09,,"SANMI REPARACIONES, S.L.",,A/173 TRABAJOS REALIZADOS EN VIAS PUBLICAS APARCAMIENTO CL ERAS,84.7,,
Urbanismo,,,,2017-02-16,,"REPROGRAFIA ZOCO 16, S.L.",,20891  CONCEPTO COPIAS URBANISMO,130.86,,
Urbanismo,,,,2017-02-22,,DCD FORMACION,,20/2017  CURSO TEORICO PRACTICO EN SOLDADURA AL ARCO CON ELECTRODO REVESTIDO PARA PERSONAL MUNICIPAL,2340,,
Urbanismo,,,,2017-03-16,,"REPROGRAFIA ZOCO 16, S.L.",,21011  FOTOCOPIAS PARA URBANISMO,42.47,,
Urbanismo,,,,2017-02-09,,WACKER NEUSON SA,,3142572 IMPORTE 10285 MATERIAL URBANISMO,10285,,
Urbanismo,,,,2017-01-19,,RENTA DE MAQUINARIA S.L.U.,,SE-028094  ALQUILER CASETAS,84.7,,
Urbanismo,,,,2017-02-09,,ARZAM S.L.,,A/15426  ALQUILER CAMERINOS PORTATILES,470.69,,
Urbanismo,,,,2017-02-09,,RADALKI ALQUILER SL,,M/001336  PLATAFORMA ELECTRICA,288.89,,
Urbanismo,,,,2017-02-09,,RADALKI ALQUILER SL,,M/001337  PLATAFORMA DIESEL DE TIJERA,282.41,,
Urbanismo,,,,2017-02-09,,RADALKI ALQUILER SL,,M/001338  PLATAFORMA ELECTRICA TIJERA,158.81,,
Urbanismo,,,,2017-02-09,,RADALKI ALQUILER SL,,M/001270  ARRENDAMIENTO PLATAFORMA DIESEL DE TIJERA,978.41,,
Urbanismo,,,,2017-02-09,,RADALKI ALQUILER SL,,M/001271  ALQUILER PLATAFORMA ELECTRICA TIJERA,420.48,,
Urbanismo,,,,2017-02-09,,RADALKI ALQUILER SL,,M/001269  PLATAFORMA ELECTRICA,909.01,,
Urbanismo,,,,2017-02-09,,RADALKI ALQUILER SL,,"M/001272 IMPORTE 348,42 ALQUILER RODILLO ARTICULADO",348.42,,
Urbanismo,,,,2017-02-09,,AGÜERO SL,,104  HORAS DE MAQUINA GIRATORIA CON MARTILLO ROMPEDOR,1548.8,,
Urbanismo,,,,2017-01-25,,"NORTHGATE ESPAÑA RENTING FLEXIBLE, S.A.",,ARRENDAMIENTO MEDIANTE RENTING VEHICULO MITSUBISHI (LOTE I)PARA OBRAS Y SERVICIOS POR 48 MESES. FECHA INICIO 9-8-2013,601.37,,
Urbanismo,,,,2017-01-25,,"NORTHGATE ESPAÑA RENTING FLEXIBLE, S.A.",,ALQUILER POR 6 MESES DE UNA FURGONETA PARA TRASLADO DE ANIMALES,483.96,,
Urbanismo,,,,2017-01-25,,"NORTHGATE ESPAÑA RENTING FLEXIBLE, S.A.",,"A-1617-122645 ALQUILER, MATR: HTF7559, PERIODO CION: 01/12/16 - 31/12/16",778.03,,
Urbanismo,,,,2017-02-09,,"NORTHGATE ESPAÑA RENTING FLEXIBLE, S.A.",,"A-1617-137664 ALQUILER, MATR: HTN6769, PERIODO CION: 01/01/17 - 31/01/17",601.37,,
Urbanismo,,,,2017-03-08,,"NORTHGATE ESPAÑA RENTING FLEXIBLE, S.A.",,"A-1617-152797  ALQUILER HTF7559, PERIODO CION: 01/02/17 - 28/02/17",778.03,,
Urbanismo,,,,2017-03-08,,"NORTHGATE ESPAÑA RENTING FLEXIBLE, S.A.",,"A-1617-152801 ALQUILER, HTN6769, PERIODO CION: 01/02/17 - 28/02/17 ,",601.37,,
Urbanismo,,,,2017-02-09,,BENITO URBAN SL,,210459599  TRABAJOS MANTENIMIENTO VIAS PUBLICAS,422.17,,
Urbanismo,,,,2017-02-09,,VELASCO GONZALEZ EPIFANIO,,"4.773  DESMONTAR, CORTAR Y AJUSTAR PUERTA ACCESO FINCA",387.2,,
Urbanismo,,,,2017-02-09,,VELASCO GONZALEZ EPIFANIO,,4.774  REPARACION VALLADO ZONA AHS,553.18,,
Urbanismo,,,,2017-02-09,,WÜRTH ESPAÑA S.A.,,1504796  MANO DE OBRA Y MATERIAL SEÑALIZACION,436.19,,
Urbanismo,,,,2017-02-27,,VELASCO GONZALEZ EPIFANIO,,4.783  TAPA DE ARQUETA,151.25,,
Urbanismo,,,,2017-03-07,,"SANMI REPARACIONES, S.L.",,3  REPARACIONES EN VIAS PUBLICAS (TRINI MUÑOZ),260.15,,
Urbanismo,,,,2017-03-08,,GENERAL DE PINTURAS DEL NORTE SL FABRICOLOR,,177  SPRAY LIMPIA GRAFITTIS,190.7,,
Urbanismo,,,,2017-03-09,,CRISTALERIA ALPEDRETE,,27  REPOSICION DE VIDRIO EN CL OLMO 2,820.38,,
Urbanismo,,,,2017-03-16,,GENERAL DE PINTURAS DEL NORTE SL FABRICOLOR,,282  MATERIAL DE PINTURA PARA MEDIO AMBIENTE,1322.41,,
Urbanismo,,,,2017-03-23,,VELASCO GONZALEZ EPIFANIO,,4.813  REFORMA DE BARANDILLAS DE TUBO EN PUENTE DE AV DEL LAGO,1197.9,,
Urbanismo,,,,2017-03-23,,VELASCO GONZALEZ EPIFANIO,,4.812  PUERTA ABATIBLE PARA HUERTOS URBANOS,505.78,,
Urbanismo,,,,2017-03-23,,VELASCO GONZALEZ EPIFANIO,,4.811 REPARACION VALLADO EN CL LOS ANGELES 1,54.45,,
Urbanismo,,,,2017-03-23,,"SANMI REPARACIONES, S.L.",,5 SUMINISTRO E INSTALACION DE GRIFO PARA FUENTE PARQUE  PRADO GRANDE,66.55,,
Urbanismo,,,,2017-02-09,,TALLERES JADA SL,,T6/802  REVISION PERIODICA PEGASO M 7043JN,187.38,,
Urbanismo,,,,2017-02-09,,TALLERES JADA SL,,T6/773  REVISION PERIODICA PEGASO M 7043 JN,124.63,,
Urbanismo,,,,2017-03-08,,TALLER HNOS GONZALEZ CB,,201700000107  REPARACION VEHICULO 8033BNC,353.78,,
Urbanismo,,,,2017-03-03,,CANAL ISABEL II GESTION SA,,FEBRERO  CION 18/11/16 A 20/01/17,5450.71,,
Urbanismo,,,,2017-01-19,,SOLRED,,A/2016/0002001497 OPERACIONES REALIZADAS CON TARJETA SOLRED MES DICIEMBRE OBRAS Y SERVICIOS,638.58,,
Urbanismo,,,,2017-02-20,,SOLRED,,A/2017/0000129549  OPERACIONES REALIZADAS CON TARJETA SOLRED MES ENERO OBRAS Y SERVICIOS,849.95,,
Urbanismo,,,,2017-03-16,,SOLRED,,A/2017/0000296255 OPERACIONES REALIZADAS CON TARJETA SOLRED OBRAS Y SERVICIOS MES FEBRERO,814.23,,
Urbanismo,,,,2017-02-09,,CRISTALERIAS TORRELODONES SA,,2177  SUMINISTRO MATERIAL OFICINA OBRAS Y SERVICIOS,172.43,,
Urbanismo,,,,2017-02-22,,TQ TECNOL,,FV1701871  MATERIAL PARA MANTENIMIENTO MAQUINARIA OBRAS,254.71,,
Urbanismo,,,,2017-03-07,,"PROLISER, S.L.",,170029 VENTA DE PRODUCTOS PARA LA LIMPIEZA DE PINTADAS SEGÚN PEDIDO AD220170000716,1551.83,,
Urbanismo,,,,2017-03-14,,CRISTALERIAS TORRELODONES SA,,89  SUMINISTRO MATERIAL OBRAS,95.81,,
Urbanismo,,,,2017-03-16,,TQ TECNOL,,FV1703521  SUMINISTRO MATERIAL,211.75,,
Urbanismo,,,,2017-02-09,,SOPINET SOFTWARE S.L,,1 IMPORTE 484 MANTENIMIENTO Y SOPORTE PROYECTO TRAZEO,484,,
Urbanismo,,,,2017-02-09,,RADES DDL  SL,,HF-14855  DESINFECCION CONTENEDORES HIGIENICOS,327.36,,
Urbanismo,,,,2017-02-27,,RADES DDL  SL,,HF-14931  DESINFECCION CONTENEDORES HIGIENICOS FEMENINOS,327.36,,
Urbanismo,,,,2017-02-27,,RADES DDL  SL,,HF-14979  DESINFECCION CONTENEDORES HIGIENICOS FEMENINOS,327.36,,
Urbanismo,,,,2017-02-28,,SOPINET SOFTWARE S.L,,2 IMPORTE 121 MANTENIMIENTO Y SOPORTE PROYECTO TRAZEO,121,,
Urbanismo,,,,2017-01-25,,"SANMI REPARACIONES, S.L.",,A/12  TRABAJOS REALIZADOS DE MANTENIMIENTO DE FUENTES EN VIAS PUBLICAS,60.5,,
Urbanismo,,,,2017-02-09,,VELASCO GONZALEZ EPIFANIO,,4778  CONCEPTO COLOCAR VALLAS,621.94,,
Urbanismo,,,,2017-02-16,,CONICA 1977 S.L.,,"95 ADAPTACION PAVIMENTO ZONA JUNTO A COLEGIO SAN IGNACIO EN A,H,S,",14706.34,,
Urbanismo,,,,2017-02-27,,VELASCO GONZALEZ EPIFANIO,,4792 CONCEPTO ESCALERA METALICA OBRAS Y SERVICIOS,4756.51,,
Urbanismo,,,,2017-03-23,,PACSA SERVICIOS URBANOS Y DEL MEDIO NATURAL SL,,17030800006  TRABAJOS DE MEJORA DE ACCESO APARCAMIENTO CL FLOR DE LIS,7139,,
Urbanismo,,,,2017-01-19,,SANTOJA SL UNIPERSONAL,,"17143 IMPORTE 885,41 MATERIALES CONSTRUCCION",885.41,,
Urbanismo,,,,2017-02-09,,"MAGENTA IDEAS GRAFICAS, SL",,29-17  PEGATINAS PARA COLOCACION EN VALLAS,1558.07,,
Urbanismo,,,,2017-02-22,,SANTOJA SL UNIPERSONAL,,17254  SUMINISTRO MATERIAL OBRAS,3732.78,,
Urbanismo,,,,2017-03-14,,SANTOJA SL UNIPERSONAL,,17337  SUMINISTRO MATERIAL OBRAS,1620.84,,
Urbanismo,,,,2017-03-23,,AGLOMERADOS 2R SL,,240  BOTES DE AGLOMERADO ASFALTICO,1004.78,,
Urbanismo,,,,2017-02-13,,MICROARQUITECTURA,,"1998 IMPORTE 11041,01 MOBILIARIO PARA VIAS PUBLICAS",11041.01,,
Urbanismo,,,,2017-02-16,,JARQUIL CONSTRUCCION SA,,216  CERTIFICACION Nº 2 NOVIEMBRE MEJORA PEATONAL AV COMUNIDAD DE MADRID,9615.51,,
Urbanismo,,,,2017-02-16,,JARQUIL CONSTRUCCION SA,,217 CERTIFICCION 4º  PROYECTO PARA MEJORA PEATONAL AV COMUNIDAD MADRID,43834.39,,
Urbanismo,,,,2017-02-16,,JARQUIL CONSTRUCCION SA,,219  CERTIFICACION Nº 2 OBRA TRINI MUÑOZ,16372.86,,
Urbanismo,,,,2017-03-16,,INESCO S.A.,,1612005 CERTIFI. 4ª Y ULTIMA ADEUCACIÓN ACERAS EN C/NUEVA. APROBADA POR LA JUNTA DE GOBIERNO EL 15-3-2017,11493.06,,
Urbanismo,,,,2017-03-23,,JARQUIL CONSTRUCCION SA,,223 CERTIFICACION A CUENTA Nº 3 OBRA URBANIZACION TRINI MUÑOZ,27248.56,,
Urbanismo,,,,2017-01-19,,CANAL ISABEL II GESTION SA,,IVA DEL PRIMER PLAZO DEL ACUERDO COLABORACION  OBRAS DE RENOVACION DE COLECTOR EN C/ VICTORIA . RESOLUCION 120/2017,5880,,
Urbanismo,,,,2017-03-28,,MANCOMUNIDAD DE MUNICIPIOS DEL NOROESTE,,TASA ELIMINACION DE RESIDUOS URBANOS EN INSTALACIONES DE LA MANCOMUNIDAD  1ER. TRIMESTRE 2017. RESOLUCION 803/2017,38089.41,,
Urbanismo,,,,2017-02-20,,CITELUM IBERICA S.A.,,FV.17.07.0005 SUMINISTRO E INSTALACION DE LINEA PARA ALUMBRADO PUBLICO,136.03,,
Urbanismo,,,,2017-01-25,,"GAS NATURAL SERVICIOS SDG, S.A.",,FE16321216349496 CONTRATO 19481203  PERIODO 04/08/16 A 07/10/16 ALUMB PUBLICO,1116.32,,
Urbanismo,,,,2017-01-25,,"GAS NATURAL SERVICIOS SDG, S.A.",,FE16321216349495 CONTRATO 19481002 PERIODO 03/08/16 A 06/10/16 ALUMB PUBLICO,999.91,,
Urbanismo,,,,2017-01-25,,"GAS NATURAL SERVICIOS SDG, S.A.",,FE16321216349447 CONTRATO 19481010 PERIODO  11/08/16 A 14/10/16 ALUMB PUBLICO,919.16,,
Urbanismo,,,,2017-01-25,,"GAS NATURAL SERVICIOS SDG, S.A.",,FE16321216763072 CONTRATO 19946424 PERIODO 23/09/16 A 19/10/16 ALUMB PULBICO,717.98,,
Urbanismo,,,,2017-01-25,,"GAS NATURAL SERVICIOS SDG, S.A.",,FE16321216349420  CONTRATO 19480980  PERIODO 21/09/16 A 20/10/16 ALUMB PUBLICO,909.93,,
Urbanismo,,,,2017-01-25,,"GAS NATURAL SERVICIOS SDG, S.A.",,FE16321216349417  CONTRATO 19480878  PERIODO 04/08/16 A 06/10/16 ALUMB PUBLICO,2269.5,,
Urbanismo,,,,2017-02-09,,"GAS NATURAL SERVICIOS SDG, S.A.",,FE15321171946428  CONTRATO 19480954 PERIODO 12/02/15 A 17/04/15 ALUMB PUBLICO,2698.15,,
Urbanismo,,,,2017-02-13,,IBERDROLA COMERCIALIZACION DE ULTIMO RECURSO SA,,20161229030395920 CONTRATO 321797929 PERIODO 17/10/16 A 05/12/16 ALUMB PUBLICO,418.08,,
Urbanismo,,,,2017-02-13,,IBERDROLA COMERCIALIZACION DE ULTIMO RECURSO SA,,20161229030400539 CONTRATO 362797377 PERIODO 10/10/16 A 07/12/16 ALUMB PUBLICO,1041.53,,
Urbanismo,,,,2017-02-13,,IBERDROLA COMERCIALIZACION DE ULTIMO RECURSO SA,,20161229030395906 CONTRATO 321780279 PERIODO 13/10/16 A 13/12/16 ALUMB PUBLICO,484.28,,
Urbanismo,,,,2017-02-13,,IBERDROLA COMERCIALIZACION DE ULTIMO RECURSO SA,,20161229030395910 CONTRATO 321782732 PERIODO 11/10/16 A 13/12/16 ALUMB PUBLICO,1588.08,,
Urbanismo,,,,2017-02-13,,IBERDROLA COMERCIALIZACION DE ULTIMO RECURSO SA,,20161229030395907 CONTRATO 321780577 PERIODO 13/10/16 A 13/12/16 ALUMB PUBLICO,487.19,,
Urbanismo,,,,2017-02-13,,IBERDROLA COMERCIALIZACION DE ULTIMO RECURSO SA,,20161229030399034 CONTRATO 348607015 PERIODO 14/10/16 A 14/12/16 ALUMB PUBLICO,755.62,,
Urbanismo,,,,2017-02-13,,IBERDROLA COMERCIALIZACION DE ULTIMO RECURSO SA,,20161229030399628 CONTRATO 354920236 PERIODO 07/10/16 A 07/12/16 ALUMB PUBLICO,230.99,,
Urbanismo,,,,2017-02-13,,IBERDROLA COMERCIALIZACION DE ULTIMO RECURSO SA,,20161229030401884 CONTRATO 373567388 PERIODO 07/10/16 A 12/12/16 ALUMB PUBLICO,707.68,,
Urbanismo,,,,2017-02-13,,IBERDROLA COMERCIALIZACION DE ULTIMO RECURSO SA,,20161229030397737 CONTRATO 338443666 PERIODO 17/10/16 A 05/12/16 ALUMB PUBLICO,383.35,,
Urbanismo,,,,2017-02-13,,IBERDROLA COMERCIALIZACION DE ULTIMO RECURSO SA,,20161229030401606 CONTRATO 370793006 PERIODO 09/10/16 A 12/12/16 ALUMB PUBLICO,34.9,,
Urbanismo,,,,2017-02-13,,IBERDROLA COMERCIALIZACION DE ULTIMO RECURSO SA,,20161229030400254 CONTRATO 360534582 PERIODO 13/10/16 A 13/12/16 ALUMB PUBLICO,2488.68,,
Urbanismo,,,,2017-02-13,,IBERDROLA COMERCIALIZACION DE ULTIMO RECURSO SA,,20161229030398122 CONTRATO 341175950 PERIODO 07/10/16 A 07/12/16 ALUMB PUBLICO,598.1,,
Urbanismo,,,,2017-02-13,,IBERDROLA COMERCIALIZACION DE ULTIMO RECURSO SA,,20161229030420252 CONTRATO 403438561 PERIODO 07/10/16 A 07/12/16 ALUMB PUBLICO,740.06,,
Urbanismo,,,,2017-02-13,,IBERDROLA COMERCIALIZACION DE ULTIMO RECURSO SA,,20161229030398044 CONTRATO 340634959 PERIODO 06/10/16 A 06/12/16 ALUMB PUBLICO,141.44,,
Urbanismo,,,,2017-02-13,,IBERDROLA COMERCIALIZACION DE ULTIMO RECURSO SA,,20161229030398135 CONTRATO 341275220 PERIODO 07/10/16 A 07/12/16 ALUMB PUBLICO,1002.99,,
Urbanismo,,,,2017-02-13,,IBERDROLA COMERCIALIZACION DE ULTIMO RECURSO SA,,20161229030395916 CONTRATO 321790819 PERIODO 13/10/16 A 14/12/16 ALUMB PUBLICO,843.1,,
Urbanismo,,,,2017-02-13,,IBERDROLA COMERCIALIZACION DE ULTIMO RECURSO SA,,20161229030400797 CONTRATO 364082744 PERIODO 17/10/16 A 05/12/16 ALUMB PUBLICO,191.72,,
Urbanismo,,,,2017-02-13,,IBERDROLA COMERCIALIZACION DE ULTIMO RECURSO SA,,20161229030400525 CONTRATO 362619750 PERIODO 07/10/16 A 07/12/16 ALUMB PUBLICO,489.03,,
Urbanismo,,,,2017-02-13,,IBERDROLA COMERCIALIZACION DE ULTIMO RECURSO SA,,20161229030395913 CONTRATO 321789933 PERIODO 11/10/16 A 13/12/16 ALUMB PUBLICO,938.68,,
Urbanismo,,,,2017-02-13,,IBERDROLA COMERCIALIZACION DE ULTIMO RECURSO SA,,"S  20161229030395909 CONTRATO 321782380)  DE 16,56 EUROS Y 20161229030395908 (CONTRATO 321782276) DE 167,78 E",184.34,,
Urbanismo,,,,2017-02-13,,"GAS NATURAL SERVICIOS SDG, S.A.",,FE16321216349494 19480677 PERIODO 04/08/16 A 11/10/16 ALUMB PUBLICO,1563.13,,
Urbanismo,,,,2017-02-13,,"GAS NATURAL SERVICIOS SDG, S.A.",,FE16321203713633  CONTRATO 19480775 PERIODO 23/04/16 A 24/05/16 ALUMB PUBLICO,672.59,,
Urbanismo,,,,2017-02-13,,"GAS NATURAL SERVICIOS SDG, S.A.",,FE16321199304454 CONTRATO 19480872 PERIODO 10/12/14 A 10/02/15 ALUMB PUBLICO,117.31,,
Urbanismo,,,,2017-02-15,,IBERDROLA COMERCIALIZACION DE ULTIMO RECURSO SA,,20161229030395902 CONTRATO 321776010 PERIODO 06/10/16 A 05/12/16 ALUMB PUBLICO,881.64,,
Urbanismo,,,,2017-02-15,,IBERDROLA COMERCIALIZACION DE ULTIMO RECURSO SA,,20161229030401885  CONTRATO 373567522 PERIODO 07/10/16 A 05/12/16 ALUMB PUBLICO,1272.57,,
Urbanismo,,,,2017-02-15,,IBERDROLA COMERCIALIZACION DE ULTIMO RECURSO SA,,20161229030395901  CONTRATO 321775650 PERIODO 06/10/16 A 5/12/16 ALUMB PUBLICO,62.85,,
Urbanismo,,,,2017-02-15,,IBERDROLA COMERCIALIZACION DE ULTIMO RECURSO SA,,20161229030395904  CONTRATO 321776690 PERIODO 07/10/16 A 06/12/16 ALUMB PUBLICO,70.54,,
Urbanismo,,,,2017-02-15,,IBERDROLA CLIENTES SAU,,20161229030469662  CONTRATO 548735736 PERIODO 14/10/16 A 14/12/16 ALUMB PUBLICO,1067.99,,
Urbanismo,,,,2017-02-15,,IBERDROLA CLIENTES SAU,,20161229030481621  CONTRATO 583746482 PERIODO 07/10/16 A 05/12/16 ALUMB PUBLICO,960.28,,
Urbanismo,,,,2017-02-15,,IBERDROLA COMERCIALIZACION DE ULTIMO RECURSO SA,,20161229030398685 CONTRATO 345224541 PERIODO 14/10/16 A 06/12/16 ALUMB PUBLICO,389.57,,
Urbanismo,,,,2017-02-15,,IBERDROLA COMERCIALIZACION DE ULTIMO RECURSO SA,,20161229030400524 CONTRATO 362619682 PERIODO 07/10/16 A 07/12/16 ALUMB PUBLICO,606.79,,
Urbanismo,,,,2017-02-15,,IBERDROLA COMERCIALIZACION DE ULTIMO RECURSO SA,,20161229030474004 CONTRATO 562973473 PERIODO 13/10/16 A 14/12/16 ALUMB PUBLICO,886.52,,
Urbanismo,,,,2017-02-15,,IBERDROLA COMERCIALIZACION DE ULTIMO RECURSO SA,,20161229030395921 CONTRATO 321798077 PERIODO 14/10/16 A 14/12/16 ALUMB PUBLICO,159.43,,
Urbanismo,,,,2017-02-15,,IBERDROLA COMERCIALIZACION DE ULTIMO RECURSO SA,,20161229030397907  CONTRATO 339801025 PERIODO 14/10/16 A 05/12/16 ALUMB PUBLICO,333.13,,
Urbanismo,,,,2017-02-15,,IBERDROLA COMERCIALIZACION DE ULTIMO RECURSO SA,,20161229030398737 CONTRATO 345675307 PERIODO 17/10/16 A 05/12/16 ALUMB PUBLICO,961.22,,
Urbanismo,,,,2017-02-15,,IBERDROLA COMERCIALIZACION DE ULTIMO RECURSO SA,,20161229030398737 CONTRATO 345675307 PERIODO 17/10/16 A 05/12/16 ALUMB PUBLICO,149.88,,
Urbanismo,,,,2017-02-27,,"GAS NATURAL SERVICIOS SDG, S.A.",,FE16321221331301 CONTRATO 19481203 ALQUILER CONTADOR PERIODO 08/10/16 A 07/12/16,1276.38,,
Urbanismo,,,,2017-02-27,,"GAS NATURAL SERVICIOS SDG, S.A.",,FE16321221331240 CONTRATO 19480448 ALQUILER CONTADOR PERIODO 14/10/16 A 14/12/16,1186.24,,
Urbanismo,,,,2017-02-27,,"GAS NATURAL SERVICIOS SDG, S.A.",,FE16321219419541 CONTRATO 19480909 PERIODO 20/10/16 A 17/11/16 ALUMB PUBLICO,521.04,,
Urbanismo,,,,2017-02-27,,"GAS NATURAL SERVICIOS SDG, S.A.",,FE16321219419543 CONTRATO 19480886 PERIODO 21/10/16 A 21/11/16 ALUMB PUBLICO,2865.87,,
Urbanismo,,,,2017-02-27,,"GAS NATURAL SERVICIOS SDG, S.A.",,FE16321221331241 CONTRATO 19480487 PERIODO 12/10/16 A 14/12/16 EDIF MUNICIPALES,2064.72,,
Urbanismo,,,,2017-02-27,,"GAS NATURAL SERVICIOS SDG, S.A.",,FE16321221331242  CONTRATO 19480533 PERIODO 14/10/16 A 13/12/16 ALUMB PUBLICO,624.92,,
Urbanismo,,,,2017-02-27,,"GAS NATURAL SERVICIOS SDG, S.A.",,FE16321221331243 CONTRATO 19480791 PERIODO 15/10/16 A 14/12/16 ALUMB PUBLICO,2863.07,,
Urbanismo,,,,2017-02-27,,"GAS NATURAL SERVICIOS SDG, S.A.",,FE16321221648272 CONTRATO19516576 PERIODO  19/11/16 A 23/12/16 EDIF MUNICIPALES,1054.35,,
Urbanismo,,,,2017-02-27,,"GAS NATURAL SERVICIOS SDG, S.A.",,FE16321221679319 CONTRATO 19480496 PERIODO 14/10/16 A 13/12/16 EDIF MUNICIPALES,1071.79,,
Urbanismo,,,,2017-02-27,,"GAS NATURAL SERVICIOS SDG, S.A.",,FE16321221679322  CONTRATO 19480816 PERIODO 15/10/16 A 14/12/16,2077.96,,
Urbanismo,,,,2017-02-27,,"GAS NATURAL SERVICIOS SDG, S.A.",,FE16321221331236 CONTRATO 19480940 ALQUILER CONTADOR PERIODO 08/10/16 A 06/12/16,1142.2,,
Urbanismo,,,,2017-02-27,,"GAS NATURAL SERVICIOS SDG, S.A.",,FE16321221331234 CONTRATO 19480878 PERIODO 07/10/16 A 12/12/16 ALUMB PUBLICO,3091.38,,
Urbanismo,,,,2017-02-27,,"GAS NATURAL SERVICIOS SDG, S.A.",,FE16321221331247 CONTRATO 19480858 PERIODO 12/10/16 A 13/12/16 ALUMB PUBLICO,1809.47,,
Urbanismo,,,,2017-02-27,,"GAS NATURAL SERVICIOS SDG, S.A.",,FE16321221331246 CONTRATO 19480859 PERIODO 07/10/16 A 06/12/16 ALUMB PUBLICO,1558.69,,
Urbanismo,,,,2017-02-27,,"GAS NATURAL SERVICIOS SDG, S.A.",,FE16321221331248 CONTRATO 19480872 PERIODO 07/10/16 A 07/12/16 ALUMB PUBLICO,2525.34,,
Urbanismo,,,,2017-02-27,,"GAS NATURAL SERVICIOS SDG, S.A.",,FE16321221331249 CONTRATO 19480901 PERIODO 11/10/16 A 07/12/16 ALUMB PUBLICO,769.63,,
Urbanismo,,,,2017-02-27,,"GAS NATURAL SERVICIOS SDG, S.A.",,FE16321221331251 CONTRATO 19480950 PERIODO 14/10/16 A 12/12/16 ALUMB PUBLICO,1185.35,,
Urbanismo,,,,2017-02-27,,"GAS NATURAL SERVICIOS SDG, S.A.",,FE16321221331250 CONTRATO 19480941 PERIODO 14/10/16 A 12/12/16 ALUMB PUBLICO,1544.53,,
Urbanismo,,,,2017-02-27,,"GAS NATURAL SERVICIOS SDG, S.A.",,FE16321221331252 CONTRATO 19480997 PERIODO 15/10/16 A-14/12/16 ALUMB PUBLICO,304.52,,
Urbanismo,,,,2017-02-27,,"GAS NATURAL SERVICIOS SDG, S.A.",,FE16321221331253 CONTRATO 19481010 PERIODO 15/10/16 A 06/12/16 ALUMB PUBLICO,1001.64,,
Urbanismo,,,,2017-02-27,,"GAS NATURAL SERVICIOS SDG, S.A.",,FE16321221331300 CONTRATO 19481002 PERIODO 07/10/16 A 05/12/16 ALUMB PUBLICO,1139.74,,
Urbanismo,,,,2017-02-27,,"GAS NATURAL SERVICIOS SDG, S.A.",,FE16321221832144 CONTRATO 19480516 PERIODO 22/11/16 A 22/12/16 ALUMB PUBLICO,663.56,,
Urbanismo,,,,2017-02-27,,"GAS NATURAL SERVICIOS SDG, S.A.",,FE16321221832145 CONTRATO 19480775 PERIODO 22/11/16 A 22/12/16 ALUMB PUBLICO,939.76,,
Urbanismo,,,,2017-02-27,,"GAS NATURAL SERVICIOS SDG, S.A.",,FE16321221648241 CONTRATO 19480980 PERIODO 19/11/16 A 23/12/16 ALUMB PUBLICO,1269.9,,
Urbanismo,,,,2017-02-27,,"GAS NATURAL SERVICIOS SDG, S.A.",,FE16321221648247 CONTRATO 19480974 PERIODO 19/11/16 A 23/12/16 ALUMB PUBLICO,532.13,,
Urbanismo,,,,2017-02-27,,"GAS NATURAL SERVICIOS SDG, S.A.",,FE16321221648246 CONTRATO 19480840 PERIODO 19/11/16 A 23/12/16 ALUMB PUBLICO,1820.47,,
Urbanismo,,,,2017-02-27,,"GAS NATURAL SERVICIOS SDG, S.A.",,FE16321221679318 CONTRATO 19480954 PERIODO 12/10/16 A 14/12/16 ALUMB PUBLICO,1006.05,,
Urbanismo,,,,2017-02-27,,"GAS NATURAL SERVICIOS SDG, S.A.",,FE16321221331235 CONTRATO 19480893 PERIODO 10/10/16 A 12/12/16 ALUMB PUBLICO,1382.97,,
Urbanismo,,,,2017-02-27,,"GAS NATURAL SERVICIOS SDG, S.A.",,FE16321221331237  CONTRATO 19481214 PERIODO 15/10/16 A 14/12/16 ALUMB PUBLICO,2160.55,,
Urbanismo,,,,2017-02-27,,"GAS NATURAL SERVICIOS SDG, S.A.",,FE16321221331244  CONTRATO 19480812 PERIODO 15/10/16 A 14/12/16 ALUMB PUBLICO,1165.92,,
Urbanismo,,,,2017-02-27,,"GAS NATURAL SERVICIOS SDG, S.A.",,FE16321221331245 CONTRATO 19480837 PERIODO 12/10/16 A 12/12/16 ALUMB PUBLICO,2126.88,,
Urbanismo,,,,2017-02-27,,"GAS NATURAL SERVICIOS SDG, S.A.",,FE16321221331297 CONTRATO 19480677  PERIODO 12/10/16 A 12/12/16 ALUMB PUBLICO,1865.99,,
Urbanismo,,,,2017-02-27,,"GAS NATURAL SERVICIOS SDG, S.A.",,FE16321221832146 CONTRATO 19480917 PERIODO 22/11/16 A 22/12/16 ALUMB PUBLICO,1147.6,,
Urbanismo,,,,2017-02-27,,"GAS NATURAL SERVICIOS SDG, S.A.",,FE16321221331238 CONTRATO 19481236 PERIODO 12/10/16 A 12/12/16 ALUMB PUBLICO,1777.48,,
Urbanismo,,,,2017-02-27,,"GAS NATURAL SERVICIOS SDG, S.A.",,FE16321221331239 CONTRATO 19481248 PERIODO 14/10/16 A 12/12/16 ALUMB PUBLICO,2043.97,,
Urbanismo,,,,2017-02-27,,"GAS NATURAL SERVICIOS SDG, S.A.",,FE16321218560480 CONTRATO 19480974 PERIODO 21/10/16 A 18/11/16 ALUMB PUBLICO,404.26,,
Urbanismo,,,,2017-02-27,,"GAS NATURAL SERVICIOS SDG, S.A.",,FE16321217142427 CONTRATO 19480886 PERIODO 23/09/16 A 20/10/16 ALUMB PUBLICO,2137.43,,
Urbanismo,,,,2017-02-27,,"GAS NATURAL SERVICIOS SDG, S.A.",,FE16321218712466 CONTRATO 19480775 PERIODO 21/10/16 A 21/11/16 ALUMB PUBLICO,923.04,,
Urbanismo,,,,2017-02-27,,"GAS NATURAL SERVICIOS SDG, S.A.",,FE16321218712467 CONTRATO 19480917 PERIODO 21/10/16 A 21/11/16 ALUMB PUBLICO,1077.06,,
Urbanismo,,,,2017-02-27,,"GAS NATURAL SERVICIOS SDG, S.A.",,FE16321218712465 CONTRATO 19480516 PERIODO 21/10/16 A 21/11/16 ALUMB PUBLICO,638.65,,
Urbanismo,,,,2017-02-27,,"GAS NATURAL SERVICIOS SDG, S.A.",,FE16321218712508  CONTRATO 19946424 PERIODO 20/10/16 A 21/11/16,982.53,,
Urbanismo,,,,2017-02-27,,"GAS NATURAL SERVICIOS SDG, S.A.",,FE16321218560474 CONTRATO 19480980 PERIODO 21/10/16 A 18/11/16 ALUMB PUBLICO,1016.61,,
Urbanismo,,,,2017-02-27,,"GAS NATURAL SERVICIOS SDG, S.A.",,FE16321218560479 CONTRATO 19480840 PERIODO 21/10/16 A 18/11/16 ALUMB PUBLICO,1433.37,,
Urbanismo,,,,2017-02-27,,"GAS NATURAL SERVICIOS SDG, S.A.",,FE16321218560511  CONTRATO 19516576 PERIODO 21/10/16 A 18/11/16 ALUMBRADO PUBLICO,841.87,,
Urbanismo,,,,2017-02-27,,"GAS NATURAL SERVICIOS SDG, S.A.",,ACTURA  FE16321217142425 CONTRATO 19480909  PERIODO 22/09/16 A 19/10/16  ALUMB PUBLICO,450.69,,
Urbanismo,,,,2017-02-27,,IBERDROLA COMERCIALIZACION DE ULTIMO RECURSO SA,,20170130030423580 CONTRATO 321780530 PERIODO 13/10/16 A 13/12/16 ALUMB PUBLICO,43.77,,
Urbanismo,,,,2017-02-27,,"GAS NATURAL SERVICIOS SDG, S.A.",,FE17321221971062 CONTRATO 19946424 PERIODO 22/11/16 A 22/12/16 ALUMB PUBLICO,955.27,,
Urbanismo,,,,2017-02-27,,"GAS NATURAL SERVICIOS SDG, S.A.",,FE17321222406740 CONTRATO 19480886 PERIODO 22/11/16 A 22/12/16 ALUMB PUBLICO,2998.55,,
Urbanismo,,,,2017-02-27,,"GAS NATURAL SERVICIOS SDG, S.A.",,FE17321222406737 CONTRATO 19480909 PERIODO 18/11/16 A 22/12/16 ALUMB PUBLICO,672.31,,
Urbanismo,,,,2017-02-20,,IBERDROLA DISTRIBUCION ELECTRICA S.A.,,APLICACION  20170201010426660 MODIFICACION DE UBICACION DEL CT PLAZA JOSE MARIA UNCETA. RESOLUCION 391/2017,59509.53,,
Urbanismo,,,,2017-02-27,,CITELUM IBERICA S.A.,,REGISTRO   FV.17.07.0009  CERTIFICACION Nº 1 ENERO SOTERRAMIENTO DE CONDUCIONES AEREAS DE ENERGIA ELECTRICA U,5045.51,,
Urbanismo,,,,2017-02-28,,CITELUM IBERICA S.A.,,REGISTRO    FV.17.07.0008  CERTIFICACION Nº 3 ENERO OBRAS ADECUACION ALUMBRADO PUBLICO URB EL GASCO,68994.18,,
Urbanismo,,,,2017-01-23,,PACSA SERVICIOS URBANOS Y DEL MEDIO NATURAL SL,,16122900003 CERTIFICACION Nº 1  PROYECTO ACONDICIONAMIENTO JARDINES PARROCO FRANCISCO OYAMBURU,1780.25,,
Urbanismo,,,,2017-03-23,,PACSA SERVICIOS URBANOS Y DEL MEDIO NATURAL SL,,17021000001  CERTIFICACION Nº 2 OBRAS JARDINES PARROCO FRANCISCO OYAMBURU,19196.14,,
Urbanismo,,,,2017-03-23,,PACSA SERVICIOS URBANOS Y DEL MEDIO NATURAL SL,,17030800001 CERTIFICACION 3 OBRAS JARDINES PARROCO FRANCISCO OYAMBURU,14173.11,,
Urbanismo,,,,2017-01-23,,PROVIRE PRODUCTOS SL,,30 CERTIFICACION Nº 6 REORDENACION PARQUE CL NUEVA ESQUINA CL HIGUERA,17875.74,,
Urbanismo,,,,2017-01-23,,KEBIRA SOLUCIONES INTEGRALES SL,,55 REACONDICIONAMIENTO PARQUE FLORIDABLANCA,15634.16,,
Urbanismo,,,,2017-01-23,,PROVIRE PRODUCTOS SL,,26  CERTIFICACION Nº 5 REORDENACION PARQUE CL NUEVA ESQUINA CL HIGUERA,10975.73,,
Urbanismo,,,,2017-02-20,,"GESTION Y EJECUCION DE OBRA CIVIL, S.A.",,10  CERTIFICACION 4 REMODELACION PARQUE JOTACHE,53352.51,,
Urbanismo,,,,2017-02-27,,"TALHER, S.A.",,060960000117FAC  CERTIFICACION Nº 2 PROYECTO ACONDICIONAMIENTO PARQUE ARROYO VARELO,1279.99,,
Urbanismo,,,,2017-03-23,,"GESTION Y EJECUCION DE OBRA CIVIL, S.A.",,15  CERTIFICACION Nº 5 MES DE FEBRERO REMODELACION PARQUE JOTACHE,42681.98,,
Urbanismo,,,,2017-01-25,,ANEMO INSTALACIONES Y SERVICIOS SL,,"025/17 IMPORTE 236,96 MANTENIMIENTO MES DICIEMBRE",236.96,,
Urbanismo,,,,2017-01-25,,"NEW TECHNOLOGIES GLOBAL SYSTEMS, S.L.",,"CONTRATACION POR 2 AÑOS MANTENIMIENTO COLEGIOS, ESCUELA INFANTIL E IDIOMAS DESDE 1-6-2015",344.85,,
Urbanismo,,,,2017-01-25,,"SANMI REPARACIONES, S.L.",,A/9 REPARACION DESAGÜE MAQUINA DE AIRE ACONDICIONADO DE SERVICIOS TECNICOS,60.5,,
Urbanismo,,,,2017-02-09,,"SANMI REPARACIONES, S.L.",,A/11  TRABAJOS REALIZADOS EN COLEGIO EL ENCINAR,314.6,,
Urbanismo,,,,2017-02-09,,"SANMI REPARACIONES, S.L.",,A/10  TRABAJOS REALIZADOS EN ESCUELA DE IDIOMAS,60.5,,
Urbanismo,,,,2017-02-09,,R29 SL,,201700024  REVISION Y ARREGLO DE QUEMADORES CALDERA CL LETRAS 23,81.07,,
Urbanismo,,,,2017-02-09,,R29 SL,,201700025  INSTALACION TUBO DE GAS DESDE REGULADOR HASTA CALDERA CL MUSICA 7,514.25,,
Urbanismo,,,,2017-02-09,,R29 SL,,201700026  REPARACION ANTENA TV EN SALON Y 1ª PLANTA CL ARTES 1,177.87,,
Urbanismo,,,,2017-02-09,,R29 SL,,201700029 ARREGLO FUGA CALDERA COCINA CL ARTES 1,468.27,,
Urbanismo,,,,2017-02-09,,MONTAJES JEP SL,,00000001 ALUMBRADO EN EL PABELLON POLIDEPORTIVO DEL IES DIEGO VELAZQUEZ,5251.7,,
Urbanismo,,,,2017-02-09,,SECURITAS DIRECT ESPAÑA S.A.,,16FR00228619  INSTALACION 279625 CUOTA SERVICIO 01/07/16 A 31/12/16,289.31,,
Urbanismo,,,,2017-02-09,,SECURITAS DIRECT ESPAÑA S.A.,,16FR00228615  INSTALACION 279622 CUOTA SERVICIO 01/07/16 A 31/12/16,341.22,,
Urbanismo,,,,2017-02-09,,CYRASA SEGURIDAD SL,,CS16/12266 CUOTA CONEXION CENTRAL ALARMAS CL ARTES 1 PERIODO 14/12/16 A 13/01/16,42.35,,
Urbanismo,,,,2017-02-09,,"ZARDOYA OTIS, S.A.",,"6G14571M IMPORTE 2303,60 MANTENIMIENTO ASCENSORES PERIODO 01/10/16 A 31/12/16",2303.6,,
Urbanismo,,,,2017-02-16,,MONTAJES JEP SL,,2  CONTROL ALUMBRADO EXTERIOR BIBLIOTECA,433.51,,
Urbanismo,,,,2017-02-16,,MONTAJES JEP SL,,3  TRABAJOS DE REPARACION EN INSTALACION ALUMBRADO ARCHIVO SECRETARIA,244.9,,
Urbanismo,,,,2017-02-27,,CYRASA SEGURIDAD SL,,CS17/141 CUOTA CONEXION A CENTRAL DE ALARMAS CL MUSICA 7 PERIODO 31/12/16 A 30/01/17,42.35,,
Urbanismo,,,,2017-02-27,,CYRASA SEGURIDAD SL,,CS17/63  CUOTA CONEXION A CENTRAL DE ALARMAS CL ARTES 1 PERIODO 14/01/17 A 13/02/17,42.35,,
Urbanismo,,,,2017-02-27,,CYRASA SEGURIDAD SL,,CS17/589  CUOTA CONEXION A CENTRAL DE ALARMAS CL ARTES 3 PERIODO 10/01/17 A 09/02/17,42.35,,
Urbanismo,,,,2017-02-28,,R29 SL,,201700050  PUESTA EN MARCHA CALDERA CL LETRAS 13,121,,
Urbanismo,,,,2017-02-28,,CLIMATIZACION RDR S.L.L-,,927/17  TERMOSTATO JUZGADO DE PAZ,471.9,,
Urbanismo,,,,2017-02-28,,CLIMATIZACION RDR S.L.L-,,948/17  TRABAJOS CLIMATIZACION EDIFICIO BIBLIOTECA,3343.75,,
Urbanismo,,,,2017-02-28,,CLIMATIZACION RDR S.L.L-,,950/17  TRABAJOS ARREGLO CLIMATIZACION JUZGADO DE PAZ,344.85,,
Urbanismo,,,,2017-02-28,,CLIMATIZACION RDR S.L.L-,,951/17  TRABAJOS ARREGLO CALEFACCION EDIFICIO JUZGADO,919.6,,
Urbanismo,,,,2017-02-28,,CLIMATIZACION RDR S.L.L-,,952/17  TRABAJOS ARREGLO CLIMATIZACION EDIFICIO SEGURIDAD,579.59,,
Urbanismo,,,,2017-02-28,,CLIMATIZACION RDR S.L.L-,,953/17  TRABAJOS ARREGLO CLIMATIZACION EN EDIFICIO SEGURIDAD,2466.73,,
Urbanismo,,,,2017-03-07,,CLIMATIZACION RDR S.L.L-,,949/17  TRABAJOS ARREGLO CLIMATIZACION EDIFICIO ALCALDIA,4204.81,,
Urbanismo,,,,2017-03-16,,MONTAJES JEP SL,,4 MODIFICACION LINEA ELECTRICA Y DATOS EDIFICIO BIBLIOTECA,544.95,,
Urbanismo,,,,2017-03-16,,R29 SL,,201700085 INSTALACION PANTALLAS DE TUBO EDIFICIO MEDIO AMBIENTE,568.7,,
Urbanismo,,,,2017-03-23,,CYRASA SEGURIDAD SL,,CS17/2956  ASISTENCIA TECNICA EXTRACCION DE GRABACION DE CAMARAS PARA GUARDIA CIVIL,130.68,,
Urbanismo,,,,2017-03-23,,CYRASA SEGURIDAD SL,,CS17/2957  ASISTENCIA TECNICA SUSTITUCION DE BATERIA EN EDIFICIO ALCALDIA,68.79,,
Urbanismo,,,,2017-03-23,,CYRASA SEGURIDAD SL,,CS17/2958   DESMONTAJE DE EQUIPOS DE SEGURIDAD,504.57,,
Urbanismo,,,,2017-03-23,,CYRASA SEGURIDAD SL,,CS17/2959 ASISTENCIAS TECNICAS VARIAS POLIDEPORTIVO Y CASA ROSA,87.12,,
Urbanismo,,,,2017-03-14,,ESCULA DE CONDUCCION AVANZADA SL,,04-17  REPARACION VEHICULO RENAULT KANGOO MATRICULA 7153BLF,140.13,,
Urbanismo,,,,2017-03-09,,R29 SL,,2017.072  MEJORA ACCESIBILIDAD TRES EDIFICIOS CERTIFICACION 2ª,30322,,
Urbanismo,,,,2017-03-09,,R29 SL,,2017.073  MEJORA ACCESIBILIDAD TRES EDIFICIOS CERTIFICACION Nº 3,18504.15,,
Urbanismo,,,,2017-01-25,,ESSE SERVICIOS AVANZADOS DE ENERGIA SL,,5 3ª CERTIFICACION OBRA: REMODELACIÓN DE LAS INSTALACIONES DE PRODUCCIÓN DE ENERGÍA TÉRMICA DEL POLIDEPORTI,103287.05,,
Urbanismo,,,,2017-03-09,,ESSE SERVICIOS AVANZADOS DE ENERGIA SL,,211 4ª CERTIFICACION OBRA: REMODELACIÓN DE LAS INSTALACIONES DE PRODUCCIÓN DE ENERGÍA TÉRMICA DEL POLIDEPOR,54300.65,,
