#Año,Tipo,Presupuesto,Programa,Concepto,Descripción,Crédito,Capítulo,,,,,,,,
2014,G,E,0110,31001,Intereses Operaciones de Tesoreria,,3,,Capítulo,1,,,,811001.17,
2014,G,E,0110,31004,Intereses DEXIA SABADELL préstamo 2008 nº 36154507,6435.25,3,,,,,,,813043.98,
2014,G,E,0110,31005,Intereses BANESTO préstamo 2008 nº 489103,2234.38,3,,Sum of Crédito,,,,,,
2014,G,E,0110,31020,Intereses Bankia nº 9.315.551/13- Inv. 2.004,3094.66,3,,Row Labels,Total,,,,,
2014,G,E,0110,31021,Intereses refinanciación deuda BBVA-BCL,,3,,1320,1361385.69,,1320,16000,Seguridad Social. Personal funcionario,189500.779722
2014,G,E,0110,31022,Intereses préstamo 2009 Bankia nº 11.589.302/69,1145.43,3,,1340,68166.91,,1340,16000,Seguridad Social. Personal funcionario,9488.62816108
2014,G,E,0110,31023,Intereses préstamo 2009 Bankia nº 11.584.305/21,9942.05,3,,1510,293772.39,,1510,16000,Seguridad Social. Personal funcionario,40892.2301554
2014,G,E,0110,31024,Intereses préstamo,,3,,1690,252793.27,,1690,16000,Seguridad Social. Personal funcionario,35188.0603163
2014,G,E,0110,35900,Otros gastos financieros,2290.8,3,,1700,73752.12,,1700,16000,Seguridad Social. Personal funcionario,10266.0725383
2014,G,E,0110,91304,Amortización DEXIA SABADELL préstamo 2008 nº 36154507,139755.44,9,,2310,47924.68,,2310,16000,Seguridad Social. Personal funcionario,6670.97083114
2014,G,E,0110,91305,Amortización BANESTO préstamo 2008 nº 489103,46428.56,9,,2311,155755.99,,2311,16000,Seguridad Social. Personal funcionario,21680.7637749
2014,G,E,0110,91320,Amortización Bankia nº 9.315.551/13-Inv. 2004,145593.89,9,,2320,56145.79,,2320,16000,Seguridad Social. Personal funcionario,7815.32453386
2014,G,E,0110,91321,Amortización refinanciación deuda BBVA-BCL,,9,,2410,45118.85,,2410,16000,Seguridad Social. Personal funcionario,6280.40776244
2014,G,E,0110,91322,Amortización préstamo 2009 Bankia  nº 11.589.302/69,8166.98,9,,2411,68077.49,,2411,16000,Seguridad Social. Personal funcionario,9476.18116693
2014,G,E,0110,91323,Amortización prestamo 2009 Bankia nº 11.589.305/21,86476.02,9,,3120,,,3120,16000,Seguridad Social. Personal funcionario,0
2014,G,E,0110,91324,Amortización préstamo,,9,,3210,195846.1,,3210,16000,Seguridad Social. Personal funcionario,27261.1861048
2014,G,E,1320,12000,Retribuciones básicas. Sueldos del Grupo A1,,1,,3211,263758.12,,3211,16000,Seguridad Social. Personal funcionario,36714.3343471
2014,G,E,1320,12001,Retribuciones básicas. Sueldos del Grupo A2,7145.34,1,,3230,52009.69,,3230,16000,Seguridad Social. Personal funcionario,7239.59189559
2014,G,E,1320,12003,Retribuciones básicas. Sueldos del Grupo C1,11362.47,1,,3300,199212.76,,3300,16000,Seguridad Social. Personal funcionario,27729.815017
2014,G,E,1320,12004,Retribuciones básicas. Sueldos del Grupo C2,290580.82,1,,3301,258034.2,,3301,16000,Seguridad Social. Personal funcionario,35917.5819564
2014,G,E,1320,12006,Retribuciones básicas. Trienios,36052.37,1,,3302,203679.08,,3302,16000,Seguridad Social. Personal funcionario,28351.5132828
2014,G,E,1320,12100,Retribuciones complementarias. Complemento de destino,152853.07,1,,3320,84778.78,,3320,16000,Seguridad Social. Personal funcionario,11800.9503346
2014,G,E,1320,12101,Retribuciones complementarias. Complemento específico,575221.61,1,,3400,432615.36,,3400,16000,Seguridad Social. Personal funcionario,60218.7525856
2014,G,E,1320,15000,Complemento de productividad,258467.8,1,,9120,186669.55,,9120,16000,Seguridad Social. Personal funcionario,25983.8380374
2014,G,E,1320,15100,Gratificaciones,29702.21,1,,9200,509238.93,,9200,16000,Seguridad Social. Personal funcionario,70884.5222986
2014,G,E,1320,20200,Arrendamientos de edificios y otras construcciones,9334.78,2,,9201,118408.05,,9201,16000,Seguridad Social. Personal funcionario,16482.0432337
2014,G,E,1320,20400,Arrendamiento material de transporte,8034.03,2,,9202,362437.08,,9202,16000,Seguridad Social. Personal funcionario,50450.1477903
2014,G,E,1320,21400,Reparación y mantenimiento material de transporte,1894.16,2,,9240,70196.1,,9240,16000,Seguridad Social. Personal funcionario,9771.08528549
2014,G,E,1320,22104,Vestuario,3373.98,2,,9250,34246.2,,9250,16000,Seguridad Social. Personal funcionario,4766.96769342
2014,G,E,1320,22199,Otros suministros,323.7,2,,9310,239962.37,,9310,16000,Seguridad Social. Personal funcionario,33402.0377568
2014,G,E,1320,22601,Atenciones protocolarias y representativas,242.7,2,,9341,192298.59,,9341,16000,Seguridad Social. Personal funcionario,26767.3834183
2014,G,E,1320,22603,Publicación en diarios oficiales,1015.26,2,,Grand Total,5826284.14,,,,,
2014,G,E,1320,22699,Otros gastos diversos,1970.6,2,,,,,1320,16001,Seguridad Social. Personal laboral,189978.108365
2014,G,E,1320,22710,Otros servicios realizados,,2,,,,,1340,16002,Seguridad Social. Personal laboral,9512.52882265
2014,G,E,1320,22799,Otros trabajos realizados por otras empresas y profesionales,4920.99,2,,,,,1510,16003,Seguridad Social. Personal laboral,40995.2325428
2014,G,E,1320,62300,"Maquinaria, instalaciones y utillaje",,6,,,,,1690,16004,Seguridad Social. Personal laboral,35276.6946169
2014,G,E,1320,62500,Mobiliario,,6,,,,,1700,16005,Seguridad Social. Personal laboral,10291.9314845
2014,G,E,1320,63400,Inversión nueva - Elementos de transporte,,6,,,,,2310,16006,Seguridad Social. Personal laboral,6687.77416809
2014,G,E,1340,13000,Retribuciones básicas,61578.85,1,,,,,2311,16007,Seguridad Social. Personal laboral,21735.3748934
2014,G,E,1340,13001,Horas extraordinarias,,1,,,,,2320,16008,Seguridad Social. Personal laboral,7835.01035393
2014,G,E,1340,13002,Otras remuneraciones,3500.01,1,,,,,2410,16009,Seguridad Social. Personal laboral,6296.22732012
2014,G,E,1340,13010,Productividad,3088.05,1,,,,,2411,16010,Seguridad Social. Personal laboral,9500.05047608
2014,G,E,1340,21300,"Reparación, mantenimiento y conservación. Maquinaria, instal",11574.31,2,,,,,3120,16011,Seguridad Social. Personal laboral,0
2014,G,E,1340,21400,"Reparaciones, mantenimiento y conservación. Material de tran",339.72,2,,,,,3210,16012,Seguridad Social. Personal laboral,27329.8536057
2014,G,E,1340,22000,Material de oficina no inventariable,,2,,,,,3211,16013,Seguridad Social. Personal laboral,36806.8131401
2014,G,E,1340,22001,"Prensa, revistas, libros y otras publicaciones",,2,,,,,3230,16014,Seguridad Social. Personal laboral,7257.82751752
2014,G,E,1340,22104,Vestuario,5180.53,2,,,,,3300,16015,Seguridad Social. Personal laboral,27799.6629353
2014,G,E,1340,22105,Productos alimenticios,1834.56,2,,,,,3301,16016,Seguridad Social. Personal laboral,36008.0538304
2014,G,E,1340,22106,Productos farmaceúticos y material sanitario,47.01,2,,,,,3302,16017,Seguridad Social. Personal laboral,28422.9271808
2014,G,E,1340,22199,Otros suministros,841.3,2,,,,,3320,16018,Seguridad Social. Personal laboral,11830.675445
2014,G,E,1340,22699,Otros gastos diversos,91.3,2,,,,,3400,16019,Seguridad Social. Personal laboral,60370.4360535
2014,G,E,1340,22799,Otros trabajos realizados por otras empresas y profesionales,5903.76,2,,,,,9120,16020,Seguridad Social. Personal laboral,26049.2880591
2014,G,E,1340,23300,Otras indemnizaciones,4437.54,2,,,,,9200,16021,Seguridad Social. Personal laboral,71063.0714997
2014,G,E,1340,62300,"Maquinaria, instalaciones y utillaje",13001.13,6,,,,,9201,16022,Seguridad Social. Personal laboral,16523.5594287
2014,G,E,1500,44900,Subvenciones a sociedades mercantiles de la Entidad Local,20000,4,,,,,9202,16023,Seguridad Social. Personal laboral,50577.2253707
2014,G,E,1500,60000,Inversiones en terrenos,,6,,,,,9240,16024,Seguridad Social. Personal laboral,9795.69742105
2014,G,E,1500,63201,Inversión en reposición edificios,,6,,,,,9250,16025,Seguridad Social. Personal laboral,4778.9750858
2014,G,E,1500,74000,Transferencias de capital a Sociedades Mercantiles de la Ent,,7,,,,,9310,16026,Seguridad Social. Personal laboral,33486.1732911
2014,G,E,1510,12000,Retribuciones básicas. Sueldos del Grupo A1,23496.31,1,,,,,9341,16027,Seguridad Social. Personal laboral,26834.8070923
2014,G,E,1510,12001,Retribuciones básicas. Sueldos del Grupo A2,30490.8,1,,,,,,,,
2014,G,E,1510,12003,Retribuciones básicas. Sueldos del Grupo C1,15588.32,1,,,,,,,,
2014,G,E,1510,12004,Retribuciones básicas. Sueldos del Grupo C2,12905.5,1,,,,,,,,
2014,G,E,1510,12006,Retribuciones básicas. Trienios,17454.34,1,,,,,,,,
2014,G,E,1510,12100,Retribuciones complementarias. Complemento de destino,50117.94,1,,,,,,,,
2014,G,E,1510,12101,Retribuciones complementarias. Complemento específico,87283.5,1,,,,,,,,
2014,G,E,1510,15000,Complemento de productividad,53909.82,1,,,,,,,,
2014,G,E,1510,15100,Gratificaciones,2525.86,1,,,,,,,,
2014,G,E,1510,20000,Arrendamientos de terrenos y bienes naturales,29672.76,2,,,,,,,,
2014,G,E,1510,22699,Otros gastos diversos,1447.37,2,,,,,,,,
2014,G,E,1510,22706,Estudios y trabajos técnicos,89783.28,2,,,,,,,,
2014,G,E,1510,78900,Otras transferencias de capital,,7,,,,,,,,
2014,G,E,1550,21000,Infraestructura y bienes naturales,,2,,,,,,,,
2014,G,E,1550,21003,Mantenimiento vías publicas,63737.67,2,,,,,,,,
2014,G,E,1550,22199,Otros suministros,1139.09,2,,,,,,,,
2014,G,E,1550,61901,Inversión reposición de infraestructuras y bienes,81953.79,6,,,,,,,,
2014,G,E,1550,63100,Inversión de reposición vias públicas,171646.19,6,,,,,,,,
2014,G,E,1610,22101,Agua,69387.23,2,,,,,,,,
2014,G,E,1620,22199,Otros suministros,,2,,,,,,,,
2014,G,E,1620,22501,Tributos de las Comunidades Autónomas,26641.53,2,,,,,,,,
2014,G,E,1620,22502,Tributos de las Entidades Locales,117326.31,2,,,,,,,,
2014,G,E,1620,22799,Otros trabajos realizados por otras empresas y profesionales,587162.61,2,,,,,,,,
2014,G,E,1620,61901,Inversión reposición de infraestructuras y bienes,23782.6,6,,,,,,,,
2014,G,E,1630,22700,Limpieza y aseo,504270.26,2,,,,,,,,
2014,G,E,1650,21002,Mantenimiento alumbrado publico,129367.05,2,,,,,,,,
2014,G,E,1650,22100,Energía eléctrica,217203.58,2,,,,,,,,
2014,G,E,1650,61901,Inversión reposición de infraestructuras y bienes,,6,,,,,,,,
2014,G,E,1690,13000,Retribuciones básicas,192395.26,1,,,,,,,,
2014,G,E,1690,13001,Horas extraordinarias,10587.18,1,,,,,,,,
2014,G,E,1690,13002,Otras remuneraciones,12205.78,1,,,,,,,,
2014,G,E,1690,13010,Productividad personal laboral,37605.05,1,,,,,,,,
2014,G,E,1690,20400,Arrenadmiento material de transporte,17526.48,2,,,,,,,,
2014,G,E,1690,20900,Cánones,595.44,2,,,,,,,,
2014,G,E,1690,21200,Reparacion y matenimiento edificios y otras constr.,89348.41,2,,,,,,,,
2014,G,E,1690,21300,"Reparación y mantenimiento maquinaria, instalaciones y utillaje",42448.46,2,,,,,,,,
2014,G,E,1690,21400,Reparación y mantenimiento material de transporte,8541.22,2,,,,,,,,
2014,G,E,1690,22104,Vestuario,7919.54,2,,,,,,,,
2014,G,E,1690,22199,Otros suministros,13323.37,2,,,,,,,,
2014,G,E,1690,22799,Otros trabajos realizados por otras empresas,10630.39,2,,,,,,,,
2014,G,E,1690,62300,"Maquinaria, instalaciones y utillaje",13000,6,,,,,,,,
2014,G,E,1700,12001,Retribuciones básicas. Sueldos del Grupo A2,10129.8,1,,,,,,,,
2014,G,E,1700,12003,Retribuciones básicas. Sueldos del Grupo C1,7725.97,1,,,,,,,,
2014,G,E,1700,12004,Retribuciones básicas. Sueldos del Grupo C2,6452.75,1,,,,,,,,
2014,G,E,1700,12006,Retribuciones básicas. Trienios,2894.82,1,,,,,,,,
2014,G,E,1700,12100,Retribuciones complementarias. Complemento de destino,14425.47,1,,,,,,,,
2014,G,E,1700,12101,Retribuciones complementarias. Complemento específico,18798.9,1,,,,,,,,
2014,G,E,1700,15000,Complemento de productividad,13324.41,1,,,,,,,,
2014,G,E,1700,15100,Gratificaciones,,1,,,,,,,,
2014,G,E,1700,21000,Mantenimiento y conservación arbolado,5865.39,2,,,,,,,,
2014,G,E,1700,21001,Mantenimiento - fajas contra incendios,,2,,,,,,,,
2014,G,E,1700,22104,Vestuario,2517.55,2,,,,,,,,
2014,G,E,1700,22199,Otros suministros,13398.18,2,,,,,,,,
2014,G,E,1700,22699,Otros gastos diversos,42.35,2,,,,,,,,
2014,G,E,1700,22799,Otros trabajos realizados por otras empresas,34739.31,2,,,,,,,,
2014,G,E,1700,60000,Inversiones en terrenos,18597.6,6,,,,,,,,
2014,G,E,1700,61901,Inversión reposición de infraestructuras y bienes,,6,,,,,,,,
2014,G,E,1700,62300,"Maquinaria, instalaciones y utillaje",4463,6,,,,,,,,
2014,G,E,1710,21001,Mantenimiento parques y jardines,235083.66,2,,,,,,,,
2014,G,E,1710,63100,Inversión en terrenos y bienes naturales,33406.48,6,,,,,,,,
2014,G,E,2310,16000,Seguridad Social. Personal funcionario,0,1,811001.17,,,,,,,
2014,G,E,2310,16001,Seguridad Social. Personal laboral,0,1,813043.98,,,,,,,
2014,G,E,9120,16003,Seguridad Social. Altos Cargos,83014.38,1,,,,,,,,
2014,G,E,2310,16200,Formación y perfeccionamiento personal funcionarios,300,1,,,,,,,,
2014,G,E,2310,16204,Acción social personal funcionario,,1,,,,,,,,
2014,G,E,2310,16205,Seguros,21624.27,1,,,,,,,,
2014,G,E,2310,16300,Formación y perfeccionamiento personal laboral,1000,1,,,,,,,,
2014,G,E,2310,16304,Acción social personal laboral,25000.41,1,,,,,,,,
2014,G,E,2310,23030,Dietas del personal,,2,,,,,,,,
2014,G,E,2310,23300,Otras indemnizaciones,6493.35,2,,,,,,,,
2014,G,E,2310,83001,Préstamos al personal,54200,8,,,,,,,,
2014,G,E,2310,83101,Préstamos al personal a largo plazo,,8,,,,,,,,
2014,G,E,2311,12001,Retribuciones básicas. Sueldos del Grupo A2,10307.25,1,,,,,,,,
2014,G,E,2311,12003,Retribuciones básicas. Sueldos del Grupo C1,7725.97,1,,,,,,,,
2014,G,E,2311,12006,Retribuciones básicas. Trienios,4626.18,1,,,,,,,,
2014,G,E,2311,12100,Retribuciones complementarias. Complemento de destino,10872.36,1,,,,,,,,
2014,G,E,2311,12101,Retribuciones complementarias. Complemento específico,17600.4,1,,,,,,,,
2014,G,E,2311,13000,Retribuciones básicas,78875.95,1,,,,,,,,
2014,G,E,2311,13002,Otras remuneraciones,7296.8,1,,,,,,,,
2014,G,E,2311,13010,Productividad personal laboral,8138.43,1,,,,,,,,
2014,G,E,2311,15000,Complemento de productividad,10312.65,1,,,,,,,,
2014,G,E,2311,21300,"Reparación y mantenimiento maquinaria, instalaciones y utillaje",436.93,2,,,,,,,,
2014,G,E,2311,22001,"Prensa, revistas, libros y otras publicaciones",1004.2,2,,,,,,,,
2014,G,E,2311,22106,Productos farmacéuticos y material sanitario,799.67,2,,,,,,,,
2014,G,E,2311,22199,Otros suministros,382.32,2,,,,,,,,
2014,G,E,2311,22300,Transportes,1620,2,,,,,,,,
2014,G,E,2311,22699,Otros gastos diversos,,2,,,,,,,,
2014,G,E,2311,22799,Otros trabajos realizados por otras empresas y profesionales,59425.63,2,,,,,,,,
2014,G,E,2311,46300,A Mancomunidades,165297.71,4,,,,,,,,
2014,G,E,2311,47900,Otras subvenciones a empresas privadas,,4,,,,,,,,
2014,G,E,2311,48000,Atenciones benéficas y asistencias,13115.68,4,,,,,,,,
2014,G,E,2311,48900,Otras tranferencias,15328,4,,,,,,,,
2014,G,E,2320,13000,Retribuciones básicas,47144.83,1,,,,,,,,
2014,G,E,2320,13001,Horas extraordinarias,311.25,1,,,,,,,,
2014,G,E,2320,13002,Otras remuneraciones,660,1,,,,,,,,
2014,G,E,2320,13010,Productividad personal laboral,8029.71,1,,,,,,,,
2014,G,E,2320,14300,Otro personal laboral,,1,,,,,,,,
2014,G,E,2320,20300,"Alquiler maquinaría, instalaciones y utillaje",,2,,,,,,,,
2014,G,E,2320,22105,Productos alimenticios,,2,,,,,,,,
2014,G,E,2320,22199,Otros suministros,207.38,2,,,,,,,,
2014,G,E,2320,22300,Transportes,2554.99,2,,,,,,,,
2014,G,E,2320,22602,Publicidad y propaganda,599.67,2,,,,,,,,
2014,G,E,2320,22699,Otros gastos diversos,,2,,,,,,,,
2014,G,E,2320,22799,Otros trabajos realizados por otras empresas y profesionales,41605.98,2,,,,,,,,
2014,G,E,2320,48100,"Premios, becas",450,4,,,,,,,,
2014,G,E,2320,63201,Inversión en reposición edificios,,6,,,,,,,,
2014,G,E,2410,12003,Retribuciones básicas. Sueldos del Grupo C1,7771.43,1,,,,,,,,
2014,G,E,2410,12006,Retribuciones básicas. Trienios,1657.53,1,,,,,,,,
2014,G,E,2410,12100,Retribuciones complementarias. Complemento de destino,4588.56,1,,,,,,,,
2014,G,E,2410,12101,Retribuciones complementarias. Complemento específico,6632.8,1,,,,,,,,
2014,G,E,2410,13000,Retribuciones básicas,19692.5,1,,,,,,,,
2014,G,E,2410,14300,Otro personal laboral,,1,,,,,,,,
2014,G,E,2410,15000,Complemento de productividad,4776.03,1,,,,,,,,
2014,G,E,2410,15100,Gratificaciones,,1,,,,,,,,
2014,G,E,2410,22199,Otros suministros,,2,,,,,,,,
2014,G,E,2410,22602,Publicidad y propaganda,2190.1,2,,,,,,,,
2014,G,E,2410,22699,Otros gastos diversos,,2,,,,,,,,
2014,G,E,2410,22799,Otros trabajos realizados por otras empresas y profesionales,25748.77,2,,,,,,,,
2014,G,E,2410,48900,Otras transferencias - subvenciones asociaciones,3000,4,,,,,,,,
2014,G,E,2411,13000,Retribuciones básicas,62955.2,1,,,,,,,,
2014,G,E,2411,13001,Horas extraordinarias,772.15,1,,,,,,,,
2014,G,E,2411,13002,Otras remuneraciones,3140,1,,,,,,,,
2014,G,E,2411,13010,Productividad personal laboral,1210.14,1,,,,,,,,
2014,G,E,2411,21300,"Reparación, conservación y mantenimiento maquinaria.",,2,,,,,,,,
2014,G,E,2411,22000,Material de oficina ordinario no inventariable,,2,,,,,,,,
2014,G,E,2411,22104,Vestuario,869.63,2,,,,,,,,
2014,G,E,2411,22105,Productos alimenticios,4260.32,2,,,,,,,,
2014,G,E,2411,22199,Otros suministros,219.98,2,,,,,,,,
2014,G,E,2411,22300,Transportes,2464.1,2,,,,,,,,
2014,G,E,2411,22699,Otros gastos diversos,790.9,2,,,,,,,,
2014,G,E,3120,13000,Retribuciones básicas,,1,,,,,,,,
2014,G,E,3120,21300,"Reparación, mantenimiento y conservación instalaciones",453.75,2,,,,,,,,
2014,G,E,3120,22106,Productos farmacéuticos y material sanitario,,2,,,,,,,,
2014,G,E,3120,22199,Otros suministros,,2,,,,,,,,
2014,G,E,3120,22602,Publicidad y propaganda,,2,,,,,,,,
2014,G,E,3120,22699,Otros gastos diversos,,2,,,,,,,,
2014,G,E,3120,22799,Otros trabajos realizados por otras empresas y profesionales,,2,,,,,,,,
2014,G,E,3130,22799,Otros trabajos realizados por otras empresas y profesionales,13540.56,2,,,,,,,,
2014,G,E,3130,48900,Otras transferencias,5000,4,,,,,,,,
2014,G,E,3210,12004,Retribuciones básicas. Sueldos del Grupo C2,13388.93,1,,,,,,,,
2014,G,E,3210,12006,Retribuciones básicas. Trienios,773.28,1,,,,,,,,
2014,G,E,3210,12100,Retribuciones complementarias. Complemento de destino,6869.35,1,,,,,,,,
2014,G,E,3210,12101,Retribuciones complementarias. Complemento específico,11456.67,1,,,,,,,,
2014,G,E,3210,13000,Retribuciones básicas,150858.16,1,,,,,,,,
2014,G,E,3210,13001,Horas extraordinarias,388.74,1,,,,,,,,
2014,G,E,3210,13002,Otras remuneraciones,2827.03,1,,,,,,,,
2014,G,E,3210,13010,Productividad,1798.58,1,,,,,,,,
2014,G,E,3210,15000,Productividad,7067.04,1,,,,,,,,
2014,G,E,3210,15100,Gratificaciones,418.32,1,,,,,,,,
2014,G,E,3210,20300,"Arrendamiento maquinaria, instalaciones y utillaje",1694,2,,,,,,,,
2014,G,E,3210,21200,"Reparaciones, mantenimiento y conservación. Edificios y otra",43309.54,2,,,,,,,,
2014,G,E,3210,22199,Otros suministros,3257.15,2,,,,,,,,
2014,G,E,3210,22300,Transportes,46033.68,2,,,,,,,,
2014,G,E,3210,22699,Otros gastos diversos,650,2,,,,,,,,
2014,G,E,3210,22799,Otros trabajos realizados por otras empresas y profesionales,22527.18,2,,,,,,,,
2014,G,E,3210,48100,"Premios, becas y pensiones de estudio",2056,4,,,,,,,,
2014,G,E,3210,48900,Otras transferencias,100000,4,,,,,,,,
2014,G,E,3210,62300,"Maquinaria, instalaciones y utillaje",,6,,,,,,,,
2014,G,E,3210,63201,Inversión en infraestructuras educativas,,6,,,,,,,,
2014,G,E,3211,13000,Retribuciones basicas,257513.5,1,,,,,,,,
2014,G,E,3211,13001,Horas extraordinarias,641.42,1,,,,,,,,
2014,G,E,3211,13002,Otras remuneraciones,5603.2,1,,,,,,,,
2014,G,E,3211,21200,"Reparaciones, mantenimiento y conservación. Edificios y otra",16065.05,2,,,,,,,,
2014,G,E,3211,21300,"Reparación, mantenimiento y conservación, maquinaria y utill",756.83,2,,,,,,,,
2014,G,E,3211,22001,"Prensa, revistas, libros y otras publicaciones",127.5,2,,,,,,,,
2014,G,E,3211,22104,Vestuario,1470.3,2,,,,,,,,
2014,G,E,3211,22199,Otros suministros,1917.72,2,,,,,,,,
2014,G,E,3211,22699,Otros gastos diversos,,2,,,,,,,,
2014,G,E,3211,22799,Otros trabajos realizados por otras empresas y profesionales,89525.6,2,,,,,,,,
2014,G,E,3230,13000,Retribuciones básicas,50866.52,1,,,,,,,,
2014,G,E,3230,13001,Horas extraordinarias,356.57,1,,,,,,,,
2014,G,E,3230,13010,Productividad,786.6,1,,,,,,,,
2014,G,E,3230,22199,Otros suministros,,2,,,,,,,,
2014,G,E,3230,22699,Otros gastos diversos,,2,,,,,,,,
2014,G,E,3300,12004,Retribuciones básicas. Sueldos del Grupo C2,6435.02,1,,,,,,,,
2014,G,E,3300,12006,Retribuciones básicas. Trienios,519.1,1,,,,,,,,
2014,G,E,3300,12100,Retribuciones complementarias. Complemento de destino,3553.11,1,,,,,,,,
2014,G,E,3300,12101,Retribuciones complementarias. Complemento específico,5905.5,1,,,,,,,,
2014,G,E,3300,13000,Retribuciones básicas,125446.32,1,,,,,,,,
2014,G,E,3300,13001,Horas extraordinarias,,1,,,,,,,,
2014,G,E,3300,13002,Otras remuneraciones,23931.34,1,,,,,,,,
2014,G,E,3300,13010,Productividad personal laboral,2972.88,1,,,,,,,,
2014,G,E,3300,13100,Retribuciones básicas Personal Laboral Temporal,18684.96,1,,,,,,,,
2014,G,E,3300,13102,Otras remuneraciones Personal Laboral Temporal,5043.06,1,,,,,,,,
2014,G,E,3300,13110,Productividad Personal Laboral temporal,2744.91,1,,,,,,,,
2014,G,E,3300,15000,Productividad,3976.56,1,,,,,,,,
2014,G,E,3300,20300,"Alquiler maquinaria, instalaciones y utillaje",2299,2,,,,,,,,
2014,G,E,3300,20900,Cánones,3806.27,2,,,,,,,,
2014,G,E,3300,21300,"Reparaciones, mantenimiento y conservación. Maquinaría, inst",29653.99,2,,,,,,,,
2014,G,E,3300,21500,Reparación mobiliario  y enseres,,2,,,,,,,,
2014,G,E,3300,22000,Material de oficina ordinario no inventariable,,2,,,,,,,,
2014,G,E,3300,22001,"Prensa, revistas, libros y otras publicaciones",,2,,,,,,,,
2014,G,E,3300,22104,Vestuario,1223.46,2,,,,,,,,
2014,G,E,3300,22199,Otros suministros,4469.4,2,,,,,,,,
2014,G,E,3300,22300,Transportes,,2,,,,,,,,
2014,G,E,3300,22602,Publicidad y propaganda,19470.87,2,,,,,,,,
2014,G,E,3300,22606,"Reuniones, conferencias y cursos",4000,2,,,,,,,,
2014,G,E,3300,22699,Otros gastos diversos,,2,,,,,,,,
2014,G,E,3300,22799,Otros trabajos realizados por otras empresas y profesionales,143822.23,2,,,,,,,,
2014,G,E,3300,48100,Premios,8295,4,,,,,,,,
2014,G,E,3300,48900,Otras transferencias,,4,,,,,,,,
2014,G,E,3300,62300,"Maquinaria, instalaciones y utillaje",4134.57,6,,,,,,,,
2014,G,E,3300,62500,Mobiliario,1648.63,6,,,,,,,,
2014,G,E,3301,13000,Retribuciones básicas,249999.15,1,,,,,,,,
2014,G,E,3301,13002,Otras remuneraciones,858.9,1,,,,,,,,
2014,G,E,3301,13010,Productividad personal laboral,7176.15,1,,,,,,,,
2014,G,E,3301,20300,"Alquiler maquinaria, instalaciones y utillaje",,2,,,,,,,,
2014,G,E,3301,21200,"Reparaciones, mantenimiento edificios y otras construcciones",,2,,,,,,,,
2014,G,E,3301,21500,"Reparaciones, mantenimiento y conservación. Mobiliario y ens",,2,,,,,,,,
2014,G,E,3301,22001,"Prensa, revistas, libros y otras publicaciones",,2,,,,,,,,
2014,G,E,3301,22010,Fondos de biblioteca y material audiovisual,,2,,,,,,,,
2014,G,E,3301,22104,Vestuario,543,2,,,,,,,,
2014,G,E,3301,22300,Transportes,435,2,,,,,,,,
2014,G,E,3301,22602,Publicidad y propaganda,826.32,2,,,,,,,,
2014,G,E,3301,22699,Otros gastos diversos,,2,,,,,,,,
2014,G,E,3301,22799,Otros trabajos realizados por otras empresas y profesionales,11530.58,2,,,,,,,,
2014,G,E,3301,62900,Instrumentos,,6,,,,,,,,
2014,G,E,3302,13000,Retribuciones básicas,194755.02,1,,,,,,,,
2014,G,E,3302,13001,Horas extraordinarias,2057.46,1,,,,,,,,
2014,G,E,3302,13002,Otras remuneraciones,6866.6,1,,,,,,,,
2014,G,E,3302,21300,"Reparaciones, mantenimiento maquinaria",337.59,2,,,,,,,,
2014,G,E,3302,22001,"Prensa, revistas, libros y otras publicaciones",485.48,2,,,,,,,,
2014,G,E,3302,22199,Otros suministros,,2,,,,,,,,
2014,G,E,3302,22699,Otros gastos diversos,2263.87,2,,,,,,,,
2014,G,E,3302,22799,Otros trabajos realizados por otras empresas y profesionales,21242.95,2,,,,,,,,
2014,G,E,3302,48100,Premios,375,4,,,,,,,,
2014,G,E,3302,62300,"Maquinaria, instalaciones y utillaje",,6,,,,,,,,
2014,G,E,3302,62500,Mobiliario,,6,,,,,,,,
2014,G,E,3302,62600,Equipos para procesos de información,,6,,,,,,,,
2014,G,E,3320,13000,Retribuciones básicas,75823.32,1,,,,,,,,
2014,G,E,3320,13001,Horas extraordinarias,734.76,1,,,,,,,,
2014,G,E,3320,13002,Otras remuneraciones,8220.7,1,,,,,,,,
2014,G,E,3320,21300,"Reparación y mantenimiento maquinaria, instalaciones y utill",2609.56,2,,,,,,,,
2014,G,E,3320,22001,"Prensa, revistas, libros y otras publicaciones",1557.06,2,,,,,,,,
2014,G,E,3320,22010,Fondos de biblioteca y material audiovisual,6393.51,2,,,,,,,,
2014,G,E,3320,22199,Otros suministros,445.22,2,,,,,,,,
2014,G,E,3320,22699,Otros gastos diversos,,2,,,,,,,,
2014,G,E,3320,22799,Otros trabajos realizados por otras empresas,2988.28,2,,,,,,,,
2014,G,E,3320,62500,Mobiliario,,6,,,,,,,,
2014,G,E,3380,20300,"Arrendamiento maquinaria, instalaciones y utillaje",20111.6,2,,,,,,,,
2014,G,E,3380,22609,Actividades culturales y deportivas,64848.8,2,,,,,,,,
2014,G,E,3380,22699,Otros gastos diversos,1974.72,2,,,,,,,,
2014,G,E,3380,22799,Otros trabajos realizados por otras empresas y particulares,15110.19,2,,,,,,,,
2014,G,E,3380,48900,Otras transferencias,3000,4,,,,,,,,
2014,G,E,3400,13000,Retribuciones básicas,352912.79,1,,,,,,,,
2014,G,E,3400,13001,Horas extraordinarias,2171.76,1,,,,,,,,
2014,G,E,3400,13002,Otras remuneraciones,42559.79,1,,,,,,,,
2014,G,E,3400,13010,Productividad personal laboral,19616.4,1,,,,,,,,
2014,G,E,3400,14300,Otro personal laboral,15354.62,1,,,,,,,,
2014,G,E,3400,20300,"Arrendamiento maquinaria, instalaciones y utillaje",764.75,2,,,,,,,,
2014,G,E,3400,20400,Arrendamiento material de transporte,3729.06,2,,,,,,,,
2014,G,E,3400,21200,"Reparaciones, mantenimiento edificios y otras construcciones",154.6,2,,,,,,,,
2014,G,E,3400,21300,"Reparaciones, mantenimiento y conservación. Intalaciones",13844.38,2,,,,,,,,
2014,G,E,3400,22104,Vestuario,5623.57,2,,,,,,,,
2014,G,E,3400,22105,Productos alimenticios,,2,,,,,,,,
2014,G,E,3400,22199,Otros suministros,28216.36,2,,,,,,,,
2014,G,E,3400,22300,Transportes,17442.61,2,,,,,,,,
2014,G,E,3400,22400,Primas de seguros,296.26,2,,,,,,,,
2014,G,E,3400,22602,Publicidad y propaganda,102.06,2,,,,,,,,
2014,G,E,3400,22699,Otros gastos diversos,1304.75,2,,,,,,,,
2014,G,E,3400,22710,Otros servicios realizados por asociaciones deportivas,94237.31,2,,,,,,,,
2014,G,E,3400,22799,Otros trabajos realizados por otras empresas y profesionales,92577.12,2,,,,,,,,
2014,G,E,3400,48000,Otras transferencias corrientes,,4,,,,,,,,
2014,G,E,3400,62200,Inversión en infraestructuras deportivas,,6,,,,,,,,
2014,G,E,3400,62300,"Maquinaria, Instalaciones y utillaje",16975.76,6,,,,,,,,
2014,G,E,3400,62500,Mobiliario,4135.83,6,,,,,,,,
2014,G,E,3400,63201,Inversión de reposición - edificios y otras construcciones,2187.68,6,,,,,,,,
2014,G,E,3400,63400,Inversión nueva - Elementos de transporte,4142.12,6,,,,,,,,
2014,G,E,4400,46700,Transferencias a Consorcio de transportes,190821.27,4,,,,,,,,
2014,G,E,9120,11000,Retribuciones personal eventual,59944.76,1,,,,,,,,
2014,G,E,9120,12004,Retribuciones básicas. Sueldos del Grupo C2,6488.21,1,,,,,,,,
2014,G,E,9120,12006,Retribuciones básicas. Trienios,1002.4,1,,,,,,,,
2014,G,E,9120,12100,Retribuciones complementarias. Complemento de destino,3553.11,1,,,,,,,,
2014,G,E,9120,12101,Retribuciones complementarias. Complemento específico,5905.5,1,,,,,,,,
2014,G,E,9120,13000,Retribuciones básicas,15318.4,1,,,,,,,,
2014,G,E,9120,13001,Horas extraordinarias,690.31,1,,,,,,,,
2014,G,E,9120,13010,Productividad personal laboral,5996.16,1,,,,,,,,
2014,G,E,9120,15000,Productividad,4756.32,1,,,,,,,,
2014,G,E,9120,15100,Gratificaciones,,1,,,,,,,,
2014,G,E,9120,22105,Productos alimenticios,95.1,2,,,,,,,,
2014,G,E,9120,22601,Atenciones protocolarias y representarivas,7315.98,2,,,,,,,,
2014,G,E,9120,22602,Publicidad y propaganda,,2,,,,,,,,
2014,G,E,9120,22699,Otros gastos diversos,1321.58,2,,,,,,,,
2014,G,E,9120,23000,Dietas órganos de gobierno,,2,,,,,,,,
2014,G,E,9120,23100,Locomoción órganos de gobierno,222.45,2,,,,,,,,
2014,G,E,9120,23300,Otras indemnizaciones,13000,2,,,,,,,,
2014,G,E,9120,48902,Asignaciones a Grupos Políticos,11125,4,,,,,,,,
2014,G,E,9200,12000,Retribuciones básicas. Sueldos del Grupo A1,23690.08,1,,,,,,,,
2014,G,E,9200,12001,Retribuciones básicas. Sueldos del Grupo A2,10079.1,1,,,,,,,,
2014,G,E,9200,12003,Retribuciones básicas. Sueldos del Grupo C1,47859.53,1,,,,,,,,
2014,G,E,9200,12004,Retribuciones básicas. Sueldos del Grupo C2,58039.29,1,,,,,,,,
2014,G,E,9200,12006,Retribuciones básicas. Trienios,25648.66,1,,,,,,,,
2014,G,E,9200,12100,Retribuciones complementarias. Complemento de destino,83230.65,1,,,,,,,,
2014,G,E,9200,12101,Retribuciones complementarias. Complemento específico,144370.83,1,,,,,,,,
2014,G,E,9200,15000,Complemento de productividad,100337.94,1,,,,,,,,
2014,G,E,9200,15100,Gratificaciones,15982.85,1,,,,,,,,
2014,G,E,9200,22001,"Prensa, revistas, libros y otras publicaciones",7937.43,2,,,,,,,,
2014,G,E,9200,22602,Publicidad y propaganda,672.76,2,,,,,,,,
2014,G,E,9200,22603,Publicación en diarios oficiales,19364.36,2,,,,,,,,
2014,G,E,9200,22604,Gastos jurídicos,92829.52,2,,,,,,,,
2014,G,E,9201,12000,Retribuciones básicas. Sueldos del Grupo A1,11682.38,1,,,,,,,,
2014,G,E,9201,12003,Retribuciones básicas. Sueldos del Grupo C1,15474.67,1,,,,,,,,
2014,G,E,9201,12004,Retribuciones básicas. Sueldos del Grupo C2,6505.94,1,,,,,,,,
2014,G,E,9201,12006,Retribuciones básicas. Trienios,6366.72,1,,,,,,,,
2014,G,E,9201,12100,Retribuciones complementarias. Complemento de destino,20221.83,1,,,,,,,,
2014,G,E,9201,12101,Retribuciones complementarias. Complemento específico,35610.5,1,,,,,,,,
2014,G,E,9201,15000,Complemento de productividad,21099.51,1,,,,,,,,
2014,G,E,9201,15100,Gratificaciones,1446.5,1,,,,,,,,
2014,G,E,9201,20300,Arrendamiento maquinaria,17953.22,2,,,,,,,,
2014,G,E,9201,20600,Arrendamientos de equipos para procesos de información,,2,,,,,,,,
2014,G,E,9201,21300,"Reparaciones, mantenimiento y conservación. Maquinaría, inst",42460.13,2,,,,,,,,
2014,G,E,9201,21600,"Reparaciones, mantenimiento y cons. Equipamiento para proces",133233.88,2,,,,,,,,
2014,G,E,9201,22000,Material de oficina no inventariable,6502.31,2,,,,,,,,
2014,G,E,9201,22001,"Prensa, revistas, libros y otras publicaciones",,2,,,,,,,,
2014,G,E,9201,22002,Material informático no inventariable,4365.63,2,,,,,,,,
2014,G,E,9201,22203,Comunicaciones informáticas,14407.75,2,,,,,,,,
2014,G,E,9201,22706,Estudios y trabajos técnicos,,2,,,,,,,,
2014,G,E,9201,22799,Otros trabajos realizados por otras empresas y profesionales,31395.47,2,,,,,,,,
2014,G,E,9201,62300,"Maquinaria, Instalaciones y Utillaje",,6,,,,,,,,
2014,G,E,9201,62600,Equipos para procesos de información,4301.77,6,,,,,,,,
2014,G,E,9201,64005,Aplicaciones informáticas,635.25,6,,,,,,,,
2014,G,E,9202,12005,Retribuciones básicas. Sueldos del Grupo E,5816.65,1,,,,,,,,
2014,G,E,9202,12006,Retribuciones básicas. Trienios,242.46,1,,,,,,,,
2014,G,E,9202,12100,Retribuciones complementarias. Complemento de destino,2745.09,1,,,,,,,,
2014,G,E,9202,12101,Retribuciones complementarias. Complemento específico,5965.9,1,,,,,,,,
2014,G,E,9202,13000,Retribuciones básicas,209779.49,1,,,,,,,,
2014,G,E,9202,13001,Horas extraordinarias,835.14,1,,,,,,,,
2014,G,E,9202,13002,Otras remuneraciones,16161.05,1,,,,,,,,
2014,G,E,9202,13010,Productividad personal laboral,3545.92,1,,,,,,,,
2014,G,E,9202,14300,Otro personal laboral,113257.78,1,,,,,,,,
2014,G,E,9202,15000,Complemento de productividad,3159,1,,,,,,,,
2014,G,E,9202,15100,Gratificaciones,928.6,1,,,,,,,,
2014,G,E,9202,20400,Arrendamientos. Material de Transporte,5138.27,2,,,,,,,,
2014,G,E,9202,20900,Cánones,,2,,,,,,,,
2014,G,E,9202,21300,"Reparaciones, mantenimiento y conservación. Maquinaría, inst",6845.55,2,,,,,,,,
2014,G,E,9202,21400,"Reparaciones, mantenimiento y conservación. Material de tran",2278.5,2,,,,,,,,
2014,G,E,9202,22000,Material de oficina no inventariable,14562.87,2,,,,,,,,
2014,G,E,9202,22001,"Prensa, revistas, libros y otras publicaciones",502.62,2,,,,,,,,
2014,G,E,9202,22100,Suministro energía eléctrica,282644.76,2,,,,,,,,
2014,G,E,9202,22101,Suministro agua,78532.76,2,,,,,,,,
2014,G,E,9202,22103,Suministro combustible y carburantes,209016.41,2,,,,,,,,
2014,G,E,9202,22106,Productos farmaceúticos y material sanitario,,2,,,,,,,,
2014,G,E,9202,22110,Productos de limpieza y aseo,,2,,,,,,,,
2014,G,E,9202,22199,Otros suministros,1938.42,2,,,,,,,,
2014,G,E,9202,22200,Servicios de telecomunicaciones,76614.89,2,,,,,,,,
2014,G,E,9202,22201,Servicios postales,33020.57,2,,,,,,,,
2014,G,E,9202,22202,Telegráficas,,2,,,,,,,,
2014,G,E,9202,22300,Transportes,,2,,,,,,,,
2014,G,E,9202,22400,Primas de seguros,83282.66,2,,,,,,,,
2014,G,E,9202,22500,Tributos Estatales,9358.71,2,,,,,,,,
2014,G,E,9202,22501,Tributos de las Comunidades Autónomas,699804.2,2,,,,,,,,
2014,G,E,9202,22601,Atenciones protocolarias y representativas,,2,,,,,,,,
2014,G,E,9202,22603,Publicación en diarios oficiales,30410.78,2,,,,,,,,
2014,G,E,9202,22606,"Reuniones, conferencias y cursos",,2,,,,,,,,
2014,G,E,9202,22610,Sanciones,150,2,,,,,,,,
2014,G,E,9202,22699,Otros gastos diversos,5641.05,2,,,,,,,,
2014,G,E,9202,22700,Limpieza y aseo,287496,2,,,,,,,,
2014,G,E,9202,22706,Estudios y trabajos técnicos,,2,,,,,,,,
2014,G,E,9202,22799,Otros trabajos realizados por otras empresas,6169.79,2,,,,,,,,
2014,G,E,9202,23130,Locomoción del personal,3684.14,2,,,,,,,,
2014,G,E,9202,50000,Fondo de contingencia,,5,,,,,,,,
2014,G,E,9202,62300,"Maquinaria, instalaciones y utillaje",11222.65,6,,,,,,,,
2014,G,E,9202,62500,Mobiliario,,6,,,,,,,,
2014,G,E,9202,63400,Inversión nueva elementos de transporte,4602.5,6,,,,,,,,
2014,G,E,9240,13000,Retribuciones básicas,69246.46,1,,,,,,,,
2014,G,E,9240,13001,Horas extraordinarias,378.23,1,,,,,,,,
2014,G,E,9240,13010,Productividad personal laboral,571.41,1,,,,,,,,
2014,G,E,9240,20900,Cánones,,2,,,,,,,,
2014,G,E,9240,22199,Otros suministros,,2,,,,,,,,
2014,G,E,9240,22602,Publicidad y propaganda,1693.07,2,,,,,,,,
2014,G,E,9240,22699,Otros gastos diversos,,2,,,,,,,,
2014,G,E,9240,22799,Otros trabajos realizados por otras empresas y profesionales,100085.1,2,,,,,,,,
2014,G,E,9240,62300,"Maquinaria, instalaciones y utillaje",5445,6,,,,,,,,
2014,G,E,9240,62600,Equipos para procesos de información,,6,,,,,,,,
2014,G,E,9250,12004,Retribuciones básicas. Sueldos del Grupo C2,12487.69,1,,,,,,,,
2014,G,E,9250,12006,Retribuciones básicas. Trienios,621.39,1,,,,,,,,
2014,G,E,9250,12100,Retribuciones complementarias. Complemento de destino,5696.32,1,,,,,,,,
2014,G,E,9250,12101,Retribuciones complementarias. Complemento de destino,9533.25,1,,,,,,,,
2014,G,E,9250,15000,Complemento de productividad,5907.55,1,,,,,,,,
2014,G,E,9250,22699,Otros gastos diversos,,2,,,,,,,,
2014,G,E,9250,22799,Otros trabajos realizados por otras empresas y profesionales,,2,,,,,,,,
2014,G,E,9310,12000,Retribuciones básicas. Sueldos del Grupo A1,11634.56,1,,,,,,,,
2014,G,E,9310,12003,Retribuciones básicas. Sueldos del Grupo C1,15656.51,1,,,,,,,,
2014,G,E,9310,12004,Retribuciones básicas. Sueldos del Grupo C2,38627.85,1,,,,,,,,
2014,G,E,9310,12006,Retribuciones básicas. Trienios,9806.23,1,,,,,,,,
2014,G,E,9310,12100,Retribuciones complementarias. Complemento de destino,39214.53,1,,,,,,,,
2014,G,E,9310,12101,Retribuciones complementarias. Complemento específico,71791.2,1,,,,,,,,
2014,G,E,9310,15000,Complemento de productividad,53231.49,1,,,,,,,,
2014,G,E,9310,15100,Gratificaciones,,1,,,,,,,,
2014,G,E,9310,22001,"Prensa, revistas, libros y otras publicaciones",245.48,2,,,,,,,,
2014,G,E,9310,22699,Otros gastos diversos,,2,,,,,,,,
2014,G,E,9310,22799,Otros trabajos realizados por otras empresas,1125.5,2,,,,,,,,
2014,G,E,9341,12000,Retribuciones básicas. Sueldos del Grupo A1,11792.42,1,,,,,,,,
2014,G,E,9341,12003,Retribuciones básicas. Sueldos del Grupo C1,7816.89,1,,,,,,,,
2014,G,E,9341,12004,Retribuciones básicas. Sueldos del Grupo C2,32228.29,1,,,,,,,,
2014,G,E,9341,12006,Retribuciones básicas. Trienios,7334.01,1,,,,,,,,
2014,G,E,9341,12100,Retribuciones complementarias. Complemento de destino,31072.86,1,,,,,,,,
2014,G,E,9341,12101,Retribuciones complementarias. Complemento específico,59252.9,1,,,,,,,,
2014,G,E,9341,15000,Complemento de productividad,42700.07,1,,,,,,,,
2014,G,E,9341,15100,Gratificaciones,101.15,1,,,,,,,,
2014,G,E,9341,22603,Publicación en diarios oficiales,2011.22,2,,,,,,,,
2014,G,E,9341,22799,Otros trabajos realizados por otras empresas y profesionales,18348.73,2,,,,,,,,
2014,G,E,9341,35900,Intereses demora contratistas,3699.89,3,,,,,,,,
2014,G,E,1320,16000,Seguridad Social. Personal funcionario,189500.779722,,,,,,,,,
2014,G,E,1340,16000,Seguridad Social. Personal funcionario,9488.62816108,,,,,,,,,
2014,G,E,1510,16000,Seguridad Social. Personal funcionario,40892.2301554,,,,,,,,,
2014,G,E,1690,16000,Seguridad Social. Personal funcionario,35188.0603163,,,,,,,,,
2014,G,E,1700,16000,Seguridad Social. Personal funcionario,10266.0725383,,,,,,,,,
2014,G,E,2310,16000,Seguridad Social. Personal funcionario,6670.97083114,,,,,,,,,
2014,G,E,2311,16000,Seguridad Social. Personal funcionario,21680.7637749,,,,,,,,,
2014,G,E,2320,16000,Seguridad Social. Personal funcionario,7815.32453386,,,,,,,,,
2014,G,E,2410,16000,Seguridad Social. Personal funcionario,6280.40776244,,,,,,,,,
2014,G,E,2411,16000,Seguridad Social. Personal funcionario,9476.18116693,,,,,,,,,
2014,G,E,3120,16000,Seguridad Social. Personal funcionario,0,,,,,,,,,
2014,G,E,3210,16000,Seguridad Social. Personal funcionario,27261.1861048,,,,,,,,,
2014,G,E,3211,16000,Seguridad Social. Personal funcionario,36714.3343471,,,,,,,,,
2014,G,E,3230,16000,Seguridad Social. Personal funcionario,7239.59189559,,,,,,,,,
2014,G,E,3300,16000,Seguridad Social. Personal funcionario,27729.815017,,,,,,,,,
2014,G,E,3301,16000,Seguridad Social. Personal funcionario,35917.5819564,,,,,,,,,
2014,G,E,3302,16000,Seguridad Social. Personal funcionario,28351.5132828,,,,,,,,,
2014,G,E,3320,16000,Seguridad Social. Personal funcionario,11800.9503346,,,,,,,,,
2014,G,E,3400,16000,Seguridad Social. Personal funcionario,60218.7525856,,,,,,,,,
2014,G,E,9120,16000,Seguridad Social. Personal funcionario,25983.8380374,,,,,,,,,
2014,G,E,9200,16000,Seguridad Social. Personal funcionario,70884.5222986,,,,,,,,,
2014,G,E,9201,16000,Seguridad Social. Personal funcionario,16482.0432337,,,,,,,,,
2014,G,E,9202,16000,Seguridad Social. Personal funcionario,50450.1477903,,,,,,,,,
2014,G,E,9240,16000,Seguridad Social. Personal funcionario,9771.08528549,,,,,,,,,
2014,G,E,9250,16000,Seguridad Social. Personal funcionario,4766.96769342,,,,,,,,,
2014,G,E,9310,16000,Seguridad Social. Personal funcionario,33402.0377568,,,,,,,,,
2014,G,E,9341,16000,Seguridad Social. Personal funcionario,26767.3834183,,,,,,,,,
2014,G,E,1320,16001,Seguridad Social. Personal laboral,189978.108365,,,,,,,,,
2014,G,E,1340,16002,Seguridad Social. Personal laboral,9512.52882265,,,,,,,,,
2014,G,E,1510,16003,Seguridad Social. Personal laboral,40995.2325428,,,,,,,,,
2014,G,E,1690,16004,Seguridad Social. Personal laboral,35276.6946169,,,,,,,,,
2014,G,E,1700,16005,Seguridad Social. Personal laboral,10291.9314845,,,,,,,,,
2014,G,E,2310,16006,Seguridad Social. Personal laboral,6687.77416809,,,,,,,,,
2014,G,E,2311,16007,Seguridad Social. Personal laboral,21735.3748934,,,,,,,,,
2014,G,E,2320,16008,Seguridad Social. Personal laboral,7835.01035393,,,,,,,,,
2014,G,E,2410,16009,Seguridad Social. Personal laboral,6296.22732012,,,,,,,,,
2014,G,E,2411,16010,Seguridad Social. Personal laboral,9500.05047608,,,,,,,,,
2014,G,E,3120,16011,Seguridad Social. Personal laboral,0,,,,,,,,,
2014,G,E,3210,16012,Seguridad Social. Personal laboral,27329.8536057,,,,,,,,,
2014,G,E,3211,16013,Seguridad Social. Personal laboral,36806.8131401,,,,,,,,,
2014,G,E,3230,16014,Seguridad Social. Personal laboral,7257.82751752,,,,,,,,,
2014,G,E,3300,16015,Seguridad Social. Personal laboral,27799.6629353,,,,,,,,,
2014,G,E,3301,16016,Seguridad Social. Personal laboral,36008.0538304,,,,,,,,,
2014,G,E,3302,16017,Seguridad Social. Personal laboral,28422.9271808,,,,,,,,,
2014,G,E,3320,16018,Seguridad Social. Personal laboral,11830.675445,,,,,,,,,
2014,G,E,3400,16019,Seguridad Social. Personal laboral,60370.4360535,,,,,,,,,
2014,G,E,9120,16020,Seguridad Social. Personal laboral,26049.2880591,,,,,,,,,
2014,G,E,9200,16021,Seguridad Social. Personal laboral,71063.0714997,,,,,,,,,
2014,G,E,9201,16022,Seguridad Social. Personal laboral,16523.5594287,,,,,,,,,
2014,G,E,9202,16023,Seguridad Social. Personal laboral,50577.2253707,,,,,,,,,
2014,G,E,9240,16024,Seguridad Social. Personal laboral,9795.69742105,,,,,,,,,
2014,G,E,9250,16025,Seguridad Social. Personal laboral,4778.9750858,,,,,,,,,
2014,G,E,9310,16026,Seguridad Social. Personal laboral,33486.1732911,,,,,,,,,
2014,G,E,9341,16027,Seguridad Social. Personal laboral,26834.8070923,,,,,,,,,
